jsrq,jiaosrq,cjsj,jsbh,spdm,spmc,pzdl,jsj,jsl,phl,jysbh,qylb,ppdm,jysmc,sjghl,ghydl,wtlx,lldk,sjdk,yhkje,djdk,dyje,ghdyje,jsfs,jszt,drsj,sjsj,byzd1,byzd2
2016/07/22,2016/07/18,10:30:48,00000001,000032,诚骋-CU-LBF,铜,37800,50,49.823,001,,,1,49.823,-0.177,委卖,1890000,1883309.4,1701000,182309.4,-6690.6,-6690.6,买方收票确认,正常交收,2017/10/20 10:50:28,2017/10/19 10:50:28,,
2016/07/22,2016/07/18,10:30:48,00000001,000032,诚骋-CU-LBF,铜,37800,50,49.823,00100001,,,0,49.823,-0.177,委买,1890000,1883309.4,1701000,182309.4,-6690.6,-6690.6,买方收票确认,正常交收,2017/10/20 10:50:28,2017/10/19 10:50:28,,
2016/07/22,2016/07/18,10:31:58,00000002,000032,诚骋-CU-LBF,铜,37800,50,50.16,001,,,1,50.16,0.16,委卖,1890000,1896048,1701000,195048,6048,6048,买方收票确认,正常交收,2017/10/20 10:50:28,2017/10/19 10:50:28,,
2016/07/22,2016/07/18,10:31:58,00000002,000032,诚骋-CU-LBF,铜,37800,50,50.16,00100001,,,0,50.16,0.16,委买,1890000,1896048,1701000,195048,6048,6048,买方收票确认,正常交收,2017/10/20 10:50:28,2017/10/19 10:50:28,,
2016/09/29,2016/09/20,10:38:30,00000001,CU010002,诚骋-ABRA,铜,37200,25,23.904,00000001,诚骋,ABRA,深圳迈科大宗商品金融服务有限公司,23.904,-1.096,委卖,930000,889228.8,889228.8,0,-40771.2,-40771.2,买方收票确认,正常交收,2017/10/20 10:50:28,2017/10/19 10:50:28,,
2016/09/29,2016/09/20,10:38:30,00000001,CU010002,诚骋-ABRA,铜,37200,25,23.904,001,诚骋,ABRA,1,23.904,-1.096,委买,930000,889228.8,889228.8,0,-40771.2,-40771.2,买方收票确认,正常交收,2017/10/20 10:50:28,2017/10/19 10:50:28,,
2016/09/29,2016/07/22,11:29:53,00000001,000049,诚骋-CU-RT,铜,38350,25,26.051,001,,,1,26.051,1.051,委卖,958750,999055.85,862875,136180.85,40305.85,40305.85,买方收票确认,正常交收,2017/10/20 10:50:28,2017/10/19 10:50:28,,
2016/09/29,2016/07/22,11:29:53,00000001,000049,诚骋-CU-RT,铜,38350,25,26.051,00100001,,,0,26.051,1.051,委买,958750,999055.85,862875,136180.85,40305.85,40305.85,买方收票确认,正常交收,2017/10/20 10:50:28,2017/10/19 10:50:28,,
2016/09/29,2016/09/19,14:08:19,00000001,CU010002,诚骋-ABRA,铜,37180,5,4.904,001,诚骋,ABRA,1,4.904,-0.096,委卖,185900,182330.72,182330.72,0,-3569.28,-3569.28,买方收票确认,正常交收,2017/10/20 10:50:28,2017/10/19 10:50:28,,
2016/09/29,2016/09/19,14:08:19,00000001,CU010002,诚骋-ABRA,铜,37180,5,4.904,00100001,诚骋,ABRA,0,4.904,-0.096,委买,185900,182330.72,182330.72,0,-3569.28,-3569.28,买方收票确认,正常交收,2017/10/20 10:50:28,2017/10/19 10:50:28,,
2016/09/29,2016/09/19,14:11:39,00000002,CU010002,诚骋-ABRA,铜,37180,20,19,001,诚骋,ABRA,1,19,-1,委卖,743600,706420,706420,0,-37180,-37180,买方收票确认,正常交收,2017/10/20 10:50:28,2017/10/19 10:50:28,,
2016/09/29,2016/09/19,14:11:39,00000002,CU010002,诚骋-ABRA,铜,37180,20,19,00100001,诚骋,ABRA,0,19,-1,委买,743600,706420,706420,0,-37180,-37180,买方收票确认,正常交收,2017/10/20 10:50:28,2017/10/19 10:50:28,,
2016/09/29,2016/07/22,14:48:19,00000002,000049,诚骋-CU-RT,铜,38360,25,26.051,001,,,1,26.051,1.051,委买,959000,999316.36,863100,136216.36,40316.36,40316.36,买方收票确认,正常交收,2017/10/20 10:50:28,2017/10/19 10:50:28,,
2016/09/29,2016/07/22,14:48:19,00000002,000049,诚骋-CU-RT,铜,38360,25,26.051,00100001,,,0,26.051,1.051,委卖,959000,999316.36,863100,136216.36,40316.36,40316.36,买方收票确认,正常交收,2017/10/20 10:50:28,2017/10/19 10:50:28,,
2016/09/29,2016/09/19,14:56:53,00000003,CU010002,诚骋-ABRA,铜,37190,25,23.904,00000001,诚骋,ABRA,深圳迈科大宗商品金融服务有限公司,23.904,-1.096,委买,929750,888989.76,888989.76,0,-40760.24,-40760.24,买方收票确认,正常交收,2017/10/20 10:50:28,2017/10/19 10:50:28,,
2016/09/29,2016/09/19,14:56:53,00000003,CU010002,诚骋-ABRA,铜,37190,25,23.904,00100001,诚骋,ABRA,0,23.904,-1.096,委卖,929750,888989.76,888989.76,0,-40760.24,-40760.24,买方收票确认,正常交收,2017/10/20 10:50:28,2017/10/19 10:50:28,,
2017/02/24,2017/02/24,10:35:31,00000001,CU010057,诚骋-STERLI,铜,47500,25,0,00000000,诚骋,STERLI,上海迈科金属资源有限公司,0,0,委买,1187500,1187500,0,0,0,0,交收办理,买方违约,2017/10/20 10:50:28,2017/10/19 10:50:28,,
2017/02/24,2017/02/24,10:35:31,00000001,CU010057,诚骋-STERLI,铜,47500,25,0,00000007,诚骋,STERLI,上海迈科迪信投资管理有限公司,0,0,委卖,1187500,1187500,0,0,0,0,交收办理,买方违约,2017/10/20 10:50:28,2017/10/19 10:50:28,,
2017/02/25,2017/02/25,14:17:46,00000001,CU010057,诚骋-STERLI,铜,47500,25,0,00000000,诚骋,STERLI,上海迈科金属资源有限公司,0,0,委卖,1187500,1187500,0,0,0,0,交收办理,买方违约,2017/10/20 10:50:28,2017/10/19 10:50:28,,
2017/02/25,2017/02/25,14:17:46,00000001,CU010057,诚骋-STERLI,铜,47500,25,0,00000007,诚骋,STERLI,上海迈科迪信投资管理有限公司,0,0,委买,1187500,1187500,0,0,0,0,交收办理,买方违约,2017/10/20 10:50:28,2017/10/19 10:50:28,,
2017/03/06,2017/03/06,14:11:12,00000029,CU010008,诚骋-CBM,铜,47570,30,0,00000000,诚骋,CBM,上海迈科金属资源有限公司,0,0,委卖,1427100,1427100,0,0,0,0,交收办理,买方违约,2017/10/20 10:50:28,2017/10/19 10:50:28,,
2017/03/06,2017/03/06,14:11:12,00000029,CU010008,诚骋-CBM,铜,47570,30,0,00000025,诚骋,CBM,上海誉集实业有限公司,0,0,委买,1427100,1427100,0,0,0,0,交收办理,买方违约,2017/10/20 10:50:28,2017/10/19 10:50:28,,
2017/03/06,2017/03/06,14:21:11,00000037,CU010005,诚骋-BIRLA,铜,47400,100,0,00000000,诚骋,BIRLA,上海迈科金属资源有限公司,0,0,委卖,4740000,4740000,0,0,0,0,交收办理,买方违约,2017/10/20 10:50:28,2017/10/19 10:50:28,,
2017/03/06,2017/03/06,14:21:11,00000037,CU010005,诚骋-BIRLA,铜,47400,100,0,00000025,诚骋,BIRLA,上海誉集实业有限公司,0,0,委买,4740000,4740000,0,0,0,0,交收办理,买方违约,2017/10/20 10:50:28,2017/10/19 10:50:28,,
2017/03/06,2017/03/06,14:26:57,00000041,CU010005,诚骋-BIRLA,铜,47440,100,0,00000000,诚骋,BIRLA,上海迈科金属资源有限公司,0,0,委卖,4744000,4744000,0,0,0,0,交收办理,买方违约,2017/10/20 10:50:28,2017/10/19 10:50:28,,
2017/03/06,2017/03/06,14:26:57,00000041,CU010005,诚骋-BIRLA,铜,47440,100,0,00000025,诚骋,BIRLA,上海誉集实业有限公司,0,0,委买,4744000,4744000,0,0,0,0,交收办理,买方违约,2017/10/20 10:50:28,2017/10/19 10:50:28,,
2017/03/07,2017/03/07,14:09:36,00000023,CU010041,诚骋-MV,铜,47230,100,0,00000000,诚骋,MV,上海迈科金属资源有限公司,0,0,委卖,4723000,4723000,0,0,0,0,交收办理,买方违约,2017/10/20 10:50:28,2017/10/19 10:50:28,,
2017/03/07,2017/03/07,14:09:36,00000023,CU010041,诚骋-MV,铜,47230,100,0,00000052,诚骋,MV,东方集团物产有限公司,0,0,委买,4723000,4723000,0,0,0,0,交收办理,买方违约,2017/10/20 10:50:28,2017/10/19 10:50:28,,
2017/03/07,2017/03/07,14:28:47,00000027,CU010041,诚骋-MV,铜,47250,100,0,00000000,诚骋,MV,上海迈科金属资源有限公司,0,0,委卖,4725000,4725000,0,0,0,0,交收办理,买方违约,2017/10/20 10:50:28,2017/10/19 10:50:28,,
2017/03/07,2017/03/07,14:28:47,00000027,CU010041,诚骋-MV,铜,47250,100,0,00000052,诚骋,MV,东方集团物产有限公司,0,0,委买,4725000,4725000,0,0,0,0,交收办理,买方违约,2017/10/20 10:50:28,2017/10/19 10:50:28,,
2017/03/07,2017/03/07,14:46:29,00000030,CU010041,诚骋-MV,铜,47250,100,0,00000000,诚骋,MV,上海迈科金属资源有限公司,0,0,委卖,4725000,4725000,0,0,0,0,交收办理,买方违约,2017/10/20 10:50:28,2017/10/19 10:50:28,,
2017/03/07,2017/03/07,14:46:29,00000030,CU010041,诚骋-MV,铜,47250,100,0,00000052,诚骋,MV,东方集团物产有限公司,0,0,委买,4725000,4725000,0,0,0,0,交收办理,买方违约,2017/10/20 10:50:28,2017/10/19 10:50:28,,
2017/03/07,2017/03/07,14:55:50,00000031,CU010005,诚骋-BIRLA,铜,47290,75,0,00000000,诚骋,BIRLA,上海迈科金属资源有限公司,0,0,委卖,3546750,3546750,0,0,0,0,交收办理,买方违约,2017/10/20 10:50:28,2017/10/19 10:50:28,,
2017/03/07,2017/03/07,14:55:50,00000031,CU010005,诚骋-BIRLA,铜,47290,75,0,00000052,诚骋,BIRLA,东方集团物产有限公司,0,0,委买,3546750,3546750,0,0,0,0,交收办理,买方违约,2017/10/20 10:50:28,2017/10/19 10:50:28,,
2017/03/07,2017/03/07,14:55:50,00000032,CU010005,诚骋-BIRLA,铜,47290,25,0,00000000,诚骋,BIRLA,上海迈科金属资源有限公司,0,0,委卖,1182250,1182250,0,0,0,0,交收办理,买方违约,2017/10/20 10:50:28,2017/10/19 10:50:28,,
2017/03/07,2017/03/07,14:55:50,00000032,CU010005,诚骋-BIRLA,铜,47290,25,0,00000052,诚骋,BIRLA,东方集团物产有限公司,0,0,委买,1182250,1182250,0,0,0,0,交收办理,买方违约,2017/10/20 10:50:28,2017/10/19 10:50:28,,
2017/03/10,2017/03/10,13:39:56,00000027,CU010008,诚骋-CBM,铜,46130,100,0,00000000,诚骋,CBM,上海迈科金属资源有限公司,0,0,委卖,4613000,4613000,0,0,0,0,交收办理,买方违约,2017/10/20 10:50:28,2017/10/19 10:50:28,,
2017/03/10,2017/03/10,13:39:56,00000027,CU010008,诚骋-CBM,铜,46130,100,0,00000006,诚骋,CBM,上海金田铜业有限公司,0,0,委买,4613000,4613000,0,0,0,0,交收办理,买方违约,2017/10/20 10:50:28,2017/10/19 10:50:28,,
2017/03/17,2016/12/07,09:59:45,00000001,CU010013,诚骋-CMCC,铜,47300,25,24.627,001,诚骋,CMCC,1,24.627,-0.373,委卖,1182500,1164857.1,1164857.1,0,-17642.9,-17642.9,买方收票确认,正常交收,2017/10/20 10:50:28,2017/10/19 10:50:28,,
2017/03/17,2016/12/07,09:59:45,00000001,CU010013,诚骋-CMCC,铜,47300,25,24.627,00100001,诚骋,CMCC,0,24.627,-0.373,委买,1182500,1164857.1,1164857.1,0,-17642.9,-17642.9,买方收票确认,正常交收,2017/10/20 10:50:28,2017/10/19 10:50:28,,
2017/03/17,2016/09/26,10:01:05,00000001,CU010028,诚骋-ISA,铜,37800,25,24.084,001,诚骋,ISA,1,24.084,-0.916,委卖,945000,910375.2,910375.2,0,-34624.8,-34624.8,买方收票确认,正常交收,2017/10/20 10:50:28,2017/10/19 10:50:28,,
2017/03/17,2016/09/26,10:01:05,00000001,CU010028,诚骋-ISA,铜,37800,25,24.084,00100001,诚骋,ISA,0,24.084,-0.916,委买,945000,910375.2,910375.2,0,-34624.8,-34624.8,买方收票确认,正常交收,2017/10/20 10:50:28,2017/10/19 10:50:28,,
2017/03/17,2016/12/07,10:17:07,00000003,CU010013,诚骋-CMCC,铜,47320,25,24.627,00000001,诚骋,CMCC,深圳迈科大宗商品金融服务有限公司,24.627,-0.373,委卖,1183000,1165349.64,1165349.64,0,-17650.36,-17650.36,买方收票确认,正常交收,2017/10/20 10:50:28,2017/10/19 10:50:28,,
2017/03/17,2016/12/07,10:17:07,00000003,CU010013,诚骋-CMCC,铜,47320,25,24.627,001,诚骋,CMCC,1,24.627,-0.373,委买,1183000,1165349.64,1165349.64,0,-17650.36,-17650.36,买方收票确认,正常交收,2017/10/20 10:50:28,2017/10/19 10:50:28,,
2017/03/17,2016/09/28,10:18:05,00000001,CU010028,诚骋-ISA,铜,37810,25,26.786,001,诚骋,ISA,1,26.786,1.786,委买,945250,1012778.66,1012778.66,0,67528.66,67528.66,买方收票确认,正常交收,2017/10/20 10:50:28,2017/10/19 10:50:28,,
2017/03/17,2016/09/28,10:18:05,00000001,CU010028,诚骋-ISA,铜,37810,25,26.786,00100001,诚骋,ISA,0,26.786,1.786,委卖,945250,1012778.66,1012778.66,0,67528.66,67528.66,买方收票确认,正常交收,2017/10/20 10:50:28,2017/10/19 10:50:28,,
2017/03/17,2016/09/26,11:13:41,00000003,CU010028,诚骋-ISA,铜,37820,25,24.084,00000001,诚骋,ISA,深圳迈科大宗商品金融服务有限公司,24.084,-0.916,委卖,945500,910856.88,910856.88,0,-34643.12,-34643.12,买方收票确认,正常交收,2017/10/20 10:50:28,2017/10/19 10:50:28,,
2017/03/17,2016/09/26,11:13:41,00000003,CU010028,诚骋-ISA,铜,37820,25,24.084,001,诚骋,ISA,1,24.084,-0.916,委买,945500,910856.88,910856.88,0,-34643.12,-34643.12,买方收票确认,正常交收,2017/10/20 10:50:28,2017/10/19 10:50:28,,
2017/03/17,2016/12/06,13:44:28,00000001,CU010065,诚骋-ZADIVA,铜,47500,25,25.262,001,诚骋,ZADIVA,1,25.262,0.262,委卖,1187500,1199945,1199945,0,12445,12445,买方收票确认,正常交收,2017/10/20 10:50:28,2017/10/19 10:50:28,,
2017/03/17,2016/12/06,13:44:28,00000001,CU010065,诚骋-ZADIVA,铜,47500,25,25.262,00100001,诚骋,ZADIVA,0,25.262,0.262,委买,1187500,1199945,1199945,0,12445,12445,买方收票确认,正常交收,2017/10/20 10:50:28,2017/10/19 10:50:28,,
2017/03/17,2016/09/26,14:30:48,00000004,CU010028,诚骋-ISA,铜,37800,25,26.786,001,诚骋,ISA,1,26.786,1.786,委卖,945000,1012510.8,1012510.8,0,67510.8,67510.8,买方收票确认,正常交收,2017/10/20 10:50:28,2017/10/19 10:50:28,,
2017/03/17,2016/09/26,14:30:48,00000004,CU010028,诚骋-ISA,铜,37800,25,26.786,00100001,诚骋,ISA,0,26.786,1.786,委买,945000,1012510.8,1012510.8,0,67510.8,67510.8,买方收票确认,正常交收,2017/10/20 10:50:28,2017/10/19 10:50:28,,
2017/03/17,2016/12/06,14:49:43,00000003,CU010065,诚骋-ZADIVA,铜,47520,25,25.262,00000001,诚骋,ZADIVA,深圳迈科大宗商品金融服务有限公司,25.262,0.262,委卖,1188000,1200450.24,1200450.24,0,12450.24,12450.24,买方收票确认,正常交收,2017/10/20 10:50:28,2017/10/19 10:50:28,,
2017/03/17,2016/12/06,14:49:43,00000003,CU010065,诚骋-ZADIVA,铜,47520,25,25.262,001,诚骋,ZADIVA,1,25.262,0.262,委买,1188000,1200450.24,1200450.24,0,12450.24,12450.24,买方收票确认,正常交收,2017/10/20 10:50:28,2017/10/19 10:50:28,,
2017/03/20,2017/03/20,10:33:46,00000010,CU010027,诚骋-ILO,铜,47470,100,0,00000002,诚骋,ILO,大商道（上海）有色金属有限公司,0,0,委卖,4747000,4747000,0,0,0,0,交收办理,买方违约,2017/10/20 10:50:28,2017/10/19 10:50:28,,
2017/03/20,2017/03/20,10:33:46,00000010,CU010027,诚骋-ILO,铜,47470,100,0,00000025,诚骋,ILO,上海誉集实业有限公司,0,0,委买,4747000,4747000,0,0,0,0,交收办理,买方违约,2017/10/20 10:50:28,2017/10/19 10:50:28,,
2017/03/27,2017/03/27,11:00:15,00000032,CU010622,诚骋-紫金,铜,45900,50,0,00000000,诚骋,紫金,上海迈科金属资源有限公司,0,0,委卖,2295000,2295000,0,0,0,0,交收办理,买方违约,2017/10/20 10:50:28,2017/10/19 10:50:28,,
2017/03/27,2017/03/27,11:00:15,00000032,CU010622,诚骋-紫金,铜,45900,50,0,00000021,诚骋,紫金,上海瑞禾贸易有限公司,0,0,委买,2295000,2295000,0,0,0,0,交收办理,买方违约,2017/10/20 10:50:28,2017/10/19 10:50:28,,
2017/03/28,2017/03/28,10:31:37,00000010,CU010615,鑫冶-上冶,铜,46430,10,0,00000002,鑫冶,上冶,大商道（上海）有色金属有限公司,0,0,委卖,464300,464300,0,0,0,0,交收办理,买方违约,2017/10/20 10:50:28,2017/10/19 10:50:28,,
2017/03/28,2017/03/28,10:31:37,00000010,CU010615,鑫冶-上冶,铜,46430,10,0,00000012,鑫冶,上冶,上海严民金属材料有限公司,0,0,委买,464300,464300,0,0,0,0,交收办理,买方违约,2017/10/20 10:50:28,2017/10/19 10:50:28,,
2017/03/29,2017/03/29,10:01:29,00000005,CU010002,诚骋-ABRA,铜,46950,100,0,00000000,诚骋,ABRA,上海迈科金属资源有限公司,0,0,委卖,4695000,4695000,0,0,0,0,交收办理,买方违约,2017/10/20 10:50:28,2017/10/19 10:50:28,,
2017/03/29,2017/03/29,10:01:29,00000005,CU010002,诚骋-ABRA,铜,46950,100,0,00000058,诚骋,ABRA,上海亚炬资源有限公司,0,0,委买,4695000,4695000,0,0,0,0,交收办理,买方违约,2017/10/20 10:50:28,2017/10/19 10:50:28,,
2017/04/17,2017/04/17,14:22:54,00000026,CU010049,诚骋-PIRDOP,铜,46200,500,0,00000029,诚骋,PIRDOP,西安迈科金属国际集团有限公司,0,0,委卖,23100000,23100000,0,0,0,0,交收办理,买方违约,2017/10/20 10:50:28,2017/10/19 10:50:28,,
2017/04/17,2017/04/17,14:22:54,00000026,CU010049,诚骋-PIRDOP,铜,46200,500,0,00000039,诚骋,PIRDOP,宁波金田电材有限公司,0,0,委买,23100000,23100000,0,0,0,0,交收办理,买方违约,2017/10/20 10:50:28,2017/10/19 10:50:28,,
2017/04/20,2017/04/20,09:45:04,00000005,CU010010,诚骋-CCCSB,铜,45460,100,0,00000029,诚骋,CCCSB,西安迈科金属国际集团有限公司,0,0,委卖,4546000,4546000,0,0,0,0,交收办理,买方违约,2017/10/20 10:50:28,2017/10/19 10:50:28,,
2017/04/20,2017/04/20,09:45:04,00000005,CU010010,诚骋-CCCSB,铜,45460,100,0,00000039,诚骋,CCCSB,宁波金田电材有限公司,0,0,委买,4546000,4546000,0,0,0,0,交收办理,买方违约,2017/10/20 10:50:28,2017/10/19 10:50:28,,
2017/04/20,2017/04/20,09:45:04,00000006,CU010402,大场-PIRDOP,铜,45500,100,0,00000000,大场,PIRDOP,上海迈科金属资源有限公司,0,0,委卖,4550000,4550000,0,0,0,0,交收办理,买方违约,2017/10/20 10:50:28,2017/10/19 10:50:28,,
2017/04/20,2017/04/20,09:45:04,00000006,CU010402,大场-PIRDOP,铜,45500,100,0,00000007,大场,PIRDOP,上海迈科迪信投资管理有限公司,0,0,委买,4550000,4550000,0,0,0,0,交收办理,买方违约,2017/10/20 10:50:28,2017/10/19 10:50:28,,
2017/04/21,2017/04/21,09:42:35,00000009,CU010027,诚骋-ILO,铜,45730,100,0,00000036,诚骋,ILO,佛山市兴海铜铝业有限公司,0,0,委买,4573000,4573000,0,0,0,0,交收办理,买方违约,2017/10/20 10:50:28,2017/10/19 10:50:28,,
2017/04/21,2017/04/21,09:42:35,00000009,CU010027,诚骋-ILO,铜,45730,100,0,00000059,诚骋,ILO,深圳迈科金属有限公司,0,0,委卖,4573000,4573000,0,0,0,0,交收办理,买方违约,2017/10/20 10:50:28,2017/10/19 10:50:28,,
2017/04/21,2017/04/21,09:48:57,00000011,CU010064,诚骋-祥光,铜,45670,100,0,00000006,诚骋,祥光,上海金田铜业有限公司,0,0,委买,4567000,4567000,0,0,0,0,交收办理,买方违约,2017/10/20 10:50:28,2017/10/19 10:50:28,,
2017/04/21,2017/04/21,09:48:57,00000011,CU010064,诚骋-祥光,铜,45670,100,0,00000059,诚骋,祥光,深圳迈科金属有限公司,0,0,委卖,4567000,4567000,0,0,0,0,交收办理,买方违约,2017/10/20 10:50:28,2017/10/19 10:50:28,,
2017/04/24,2017/04/24,10:51:42,00000010,CU010027,诚骋-ILO,铜,45710,100,0,00000000,诚骋,ILO,上海迈科金属资源有限公司,0,0,委卖,4571000,4571000,0,0,0,0,交收办理,买方违约,2017/10/20 10:50:28,2017/10/19 10:50:28,,
2017/04/24,2017/04/24,10:51:42,00000010,CU010027,诚骋-ILO,铜,45710,100,0,00000047,诚骋,ILO,上海京慧诚国际贸易有限公司,0,0,委买,4571000,4571000,0,0,0,0,交收办理,买方违约,2017/10/20 10:50:28,2017/10/19 10:50:28,,
2017/04/27,2017/04/27,09:33:32,00000001,CU010056,诚骋-SR-P,铜,46110,85,0,00000002,诚骋,SR-P,大商道（上海）有色金属有限公司,0,0,委卖,3919350,3919350,0,0,0,0,交收办理,买方违约,2017/10/20 10:50:28,2017/10/19 10:50:28,,
2017/04/27,2017/04/27,09:33:32,00000001,CU010056,诚骋-SR-P,铜,46110,85,0,00000047,诚骋,SR-P,上海京慧诚国际贸易有限公司,0,0,委买,3919350,3919350,0,0,0,0,交收办理,买方违约,2017/10/20 10:50:28,2017/10/19 10:50:28,,
2017/04/27,2017/04/27,11:18:32,00000028,CU010615,鑫冶-上冶,铜,46230,25,0,00000002,鑫冶,上冶,大商道（上海）有色金属有限公司,0,0,委卖,1155750,1155750,0,0,0,0,交收办理,买方违约,2017/10/20 10:50:28,2017/10/19 10:50:28,,
2017/04/27,2017/04/27,11:18:32,00000028,CU010615,鑫冶-上冶,铜,46230,25,0,00000079,鑫冶,上冶,上海美兴实业有限公司,0,0,委买,1155750,1155750,0,0,0,0,交收办理,买方违约,2017/10/20 10:50:28,2017/10/19 10:50:28,,
2017/04/28,2017/04/28,13:55:25,00000042,CU010005,诚骋-BIRLA,铜,46250,100,0,00000000,诚骋,BIRLA,上海迈科金属资源有限公司,0,0,委买,4625000,4625000,0,0,0,0,交收办理,协议交收,2017/10/20 10:50:28,2017/10/19 10:50:28,,
2017/04/28,2017/04/28,13:55:25,00000042,CU010005,诚骋-BIRLA,铜,46250,100,0,00000000,诚骋,BIRLA,上海迈科金属资源有限公司,0,0,委卖,4625000,4625000,0,0,0,0,交收办理,协议交收,2017/10/20 10:50:28,2017/10/19 10:50:28,,
2017/05/05,2017/05/05,10:34:41,00000018,CU010027,诚骋-ILO,铜,45180,100,0,00000000,诚骋,ILO,上海迈科金属资源有限公司,0,0,委卖,4518000,4518000,0,0,0,0,交收办理,买方违约,2017/10/20 10:50:28,2017/10/19 10:50:28,,
2017/05/05,2017/05/05,10:34:41,00000018,CU010027,诚骋-ILO,铜,45180,100,0,00000076,诚骋,ILO,上海元胜经贸发展有限公司,0,0,委买,4518000,4518000,0,0,0,0,交收办理,买方违约,2017/10/20 10:50:28,2017/10/19 10:50:28,,
2017/05/17,2017/05/17,09:39:27,00000004,CU010057,诚骋-STERLI,铜,45190,500,0,00000000,诚骋,STERLI,上海迈科金属资源有限公司,0,0,委卖,22595000,22595000,0,0,0,0,交收办理,买方违约,2017/10/20 10:50:28,2017/10/19 10:50:28,,
2017/05/17,2017/05/17,09:39:27,00000004,CU010057,诚骋-STERLI,铜,45190,500,0,00000006,诚骋,STERLI,上海金田铜业有限公司,0,0,委买,22595000,22595000,0,0,0,0,交收办理,买方违约,2017/10/20 10:50:28,2017/10/19 10:50:28,,
2017/05/18,2017/05/18,09:56:35,00000001,CU010063,诚骋-UMMC,铜,44960,100,0,00000000,诚骋,UMMC,上海迈科金属资源有限公司,0,0,委卖,4496000,4496000,0,0,0,0,交收办理,买方违约,2017/10/20 10:50:28,2017/10/19 10:50:28,,
2017/05/18,2017/05/18,09:56:35,00000001,CU010063,诚骋-UMMC,铜,44960,100,0,00000022,诚骋,UMMC,上海五锐国际贸易有限公司,0,0,委买,4496000,4496000,0,0,0,0,交收办理,买方违约,2017/10/20 10:50:28,2017/10/19 10:50:28,,
2017/05/18,2017/05/18,09:56:45,00000002,CU010064,诚骋-祥光,铜,44910,100,0,00000000,诚骋,祥光,上海迈科金属资源有限公司,0,0,委卖,4491000,4491000,0,0,0,0,交收办理,买方违约,2017/10/20 10:50:28,2017/10/19 10:50:28,,
2017/05/18,2017/05/18,09:56:45,00000002,CU010064,诚骋-祥光,铜,44910,100,0,00000030,诚骋,祥光,上海忠翼金属有限公司,0,0,委买,4491000,4491000,0,0,0,0,交收办理,买方违约,2017/10/20 10:50:28,2017/10/19 10:50:28,,
2017/05/18,2017/05/18,09:56:45,00000003,CU010064,诚骋-祥光,铜,44910,200,0,00000000,诚骋,祥光,上海迈科金属资源有限公司,0,0,委卖,8982000,8982000,0,0,0,0,交收办理,买方违约,2017/10/20 10:50:28,2017/10/19 10:50:28,,
2017/05/18,2017/05/18,09:56:45,00000003,CU010064,诚骋-祥光,铜,44910,200,0,00000030,诚骋,祥光,上海忠翼金属有限公司,0,0,委买,8982000,8982000,0,0,0,0,交收办理,买方违约,2017/10/20 10:50:28,2017/10/19 10:50:28,,
2017/05/22,2017/05/22,09:32:24,00000001,CU010009,诚骋-CCC-P,铜,45810,100,0,00000000,诚骋,CCC-P,上海迈科金属资源有限公司,0,0,委卖,4581000,4581000,0,0,0,0,交收办理,买方违约,2017/10/20 10:50:28,2017/10/19 10:50:28,,
2017/05/22,2017/05/22,09:32:24,00000001,CU010009,诚骋-CCC-P,铜,45810,100,0,00000016,诚骋,CCC-P,上海翔禹金属材料有限公司,0,0,委买,4581000,4581000,0,0,0,0,交收办理,买方违约,2017/10/20 10:50:28,2017/10/19 10:50:28,,
2017/05/22,2017/05/22,09:37:45,00000013,CU010545,诚骋-DJ-B,铜,45760,100,0,00000000,诚骋,DJ-B,上海迈科金属资源有限公司,0,0,委卖,4576000,4576000,0,0,0,0,交收办理,买方违约,2017/10/20 10:50:28,2017/10/19 10:50:28,,
2017/05/22,2017/05/22,09:37:45,00000013,CU010545,诚骋-DJ-B,铜,45760,100,0,00000061,诚骋,DJ-B,上海晋金实业有限公司,0,0,委买,4576000,4576000,0,0,0,0,交收办理,买方违约,2017/10/20 10:50:28,2017/10/19 10:50:28,,
2017/05/22,2017/05/22,09:44:11,00000023,CU010065,诚骋-ZADIVA,铜,45700,100,0,00000000,诚骋,ZADIVA,上海迈科金属资源有限公司,0,0,委卖,4570000,4570000,0,0,0,0,交收办理,卖方违约,2017/10/20 10:50:28,2017/10/19 10:50:28,,
2017/05/22,2017/05/22,09:44:11,00000023,CU010065,诚骋-ZADIVA,铜,45700,100,0,00000047,诚骋,ZADIVA,上海京慧诚国际贸易有限公司,0,0,委买,4570000,4570000,0,0,0,0,交收办理,卖方违约,2017/10/20 10:50:28,2017/10/19 10:50:28,,
2017/05/22,2017/05/22,09:45:53,00000024,CU010065,诚骋-ZADIVA,铜,45700,100,0,00000000,诚骋,ZADIVA,上海迈科金属资源有限公司,0,0,委卖,4570000,4570000,0,0,0,0,交收办理,买方违约,2017/10/20 10:50:28,2017/10/19 10:50:28,,
2017/05/22,2017/05/22,09:45:53,00000024,CU010065,诚骋-ZADIVA,铜,45700,100,0,00000021,诚骋,ZADIVA,上海瑞禾贸易有限公司,0,0,委买,4570000,4570000,0,0,0,0,交收办理,买方违约,2017/10/20 10:50:28,2017/10/19 10:50:28,,
2017/05/22,2017/05/22,09:47:14,00000025,CU010065,诚骋-ZADIVA,铜,45700,100,0,00000000,诚骋,ZADIVA,上海迈科金属资源有限公司,0,0,委卖,4570000,4570000,0,0,0,0,交收办理,买方违约,2017/10/20 10:50:28,2017/10/19 10:50:28,,
2017/05/22,2017/05/22,09:47:14,00000025,CU010065,诚骋-ZADIVA,铜,45700,100,0,00000021,诚骋,ZADIVA,上海瑞禾贸易有限公司,0,0,委买,4570000,4570000,0,0,0,0,交收办理,买方违约,2017/10/20 10:50:28,2017/10/19 10:50:28,,
2017/05/22,2017/05/22,09:51:07,00000028,CU010065,诚骋-ZADIVA,铜,45720,100,0,00000000,诚骋,ZADIVA,上海迈科金属资源有限公司,0,0,委卖,4572000,4572000,0,0,0,0,交收办理,买方违约,2017/10/20 10:50:28,2017/10/19 10:50:28,,
2017/05/22,2017/05/22,09:51:07,00000028,CU010065,诚骋-ZADIVA,铜,45720,100,0,00000021,诚骋,ZADIVA,上海瑞禾贸易有限公司,0,0,委买,4572000,4572000,0,0,0,0,交收办理,买方违约,2017/10/20 10:50:28,2017/10/19 10:50:28,,
2017/05/22,2017/05/22,10:58:42,00000046,CU010064,诚骋-祥光,铜,45600,15,0,00000000,诚骋,祥光,上海迈科金属资源有限公司,0,0,委卖,684000,684000,0,0,0,0,交收办理,买方违约,2017/10/20 10:50:28,2017/10/19 10:50:28,,
2017/05/22,2017/05/22,10:58:42,00000046,CU010064,诚骋-祥光,铜,45600,15,0,00000047,诚骋,祥光,上海京慧诚国际贸易有限公司,0,0,委买,684000,684000,0,0,0,0,交收办理,买方违约,2017/10/20 10:50:28,2017/10/19 10:50:28,,
2017/05/22,2017/05/22,11:06:12,00000048,CU010514,大场-ZADIVA,铜,45580,100,0,00000000,大场,ZADIVA,上海迈科金属资源有限公司,0,0,委卖,4558000,4558000,0,0,0,0,交收办理,买方违约,2017/10/20 10:50:28,2017/10/19 10:50:28,,
2017/05/22,2017/05/22,11:06:12,00000048,CU010514,大场-ZADIVA,铜,45580,100,0,00000047,大场,ZADIVA,上海京慧诚国际贸易有限公司,0,0,委买,4558000,4558000,0,0,0,0,交收办理,买方违约,2017/10/20 10:50:28,2017/10/19 10:50:28,,
2017/05/22,2017/05/22,11:14:14,00000051,CU010736,中证寰球-贵冶,铜,45640,100,0,00000000,中证寰球,贵冶,上海迈科金属资源有限公司,0,0,委卖,4564000,4564000,0,0,0,0,交收办理,买方违约,2017/10/20 10:50:28,2017/10/19 10:50:28,,
2017/05/22,2017/05/22,11:14:14,00000051,CU010736,中证寰球-贵冶,铜,45640,100,0,00000047,中证寰球,贵冶,上海京慧诚国际贸易有限公司,0,0,委买,4564000,4564000,0,0,0,0,交收办理,买方违约,2017/10/20 10:50:28,2017/10/19 10:50:28,,
2017/05/23,2017/05/23,10:30:57,00000011,CU020170,粤储-STERLI,铜,45880,100,0,00000051,粤储,STERLI,大商道供应链管理服务（西安）有限公司,0,0,委卖,4588000,4588000,0,0,0,0,交收办理,卖方违约,2017/10/20 10:50:28,2017/10/19 10:50:28,,
2017/05/23,2017/05/23,10:30:57,00000011,CU020170,粤储-STERLI,铜,45880,100,0,00000072,粤储,STERLI,深圳市前海秋叶原供应链有限公司,0,0,委买,4588000,4588000,0,0,0,0,交收办理,卖方违约,2017/10/20 10:50:28,2017/10/19 10:50:28,,
2017/05/31,2017/05/31,10:51:32,00000021,CU010049,诚骋-PIRDOP,铜,45390,300,0,00000000,诚骋,PIRDOP,上海迈科金属资源有限公司,0,0,委卖,13617000,13617000,0,0,0,0,交收办理,买方违约,2017/10/20 10:50:28,2017/10/19 10:50:28,,
2017/05/31,2017/05/31,10:51:32,00000021,CU010049,诚骋-PIRDOP,铜,45390,300,0,00000030,诚骋,PIRDOP,上海忠翼金属有限公司,0,0,委买,13617000,13617000,0,0,0,0,交收办理,买方违约,2017/10/20 10:50:28,2017/10/19 10:50:28,,
2017/06/05,2017/06/05,09:34:14,00000003,CU010002,诚骋-ABRA,铜,45150,200,0,00000000,诚骋,ABRA,上海迈科金属资源有限公司,0,0,委卖,9030000,9030000,0,0,0,0,交收办理,买方违约,2017/10/20 10:50:28,2017/10/19 10:50:28,,
2017/06/05,2017/06/05,09:34:14,00000003,CU010002,诚骋-ABRA,铜,45150,200,0,00000058,诚骋,ABRA,上海亚炬资源有限公司,0,0,委买,9030000,9030000,0,0,0,0,交收办理,买方违约,2017/10/20 10:50:28,2017/10/19 10:50:28,,
2017/06/05,2017/06/05,10:05:20,00000032,CU010049,诚骋-PIRDOP,铜,45200,100,0,00000000,诚骋,PIRDOP,上海迈科金属资源有限公司,0,0,委卖,4520000,4520000,0,0,0,0,交收办理,买方违约,2017/10/20 10:50:28,2017/10/19 10:50:28,,
2017/06/05,2017/06/05,10:05:20,00000032,CU010049,诚骋-PIRDOP,铜,45200,100,0,00000058,诚骋,PIRDOP,上海亚炬资源有限公司,0,0,委买,4520000,4520000,0,0,0,0,交收办理,买方违约,2017/10/20 10:50:28,2017/10/19 10:50:28,,
2017/06/06,2017/06/06,14:32:34,00000051,CU010005,诚骋-BIRLA,铜,45050,50,0,00000000,诚骋,BIRLA,上海迈科金属资源有限公司,0,0,委卖,2252500,2252500,0,0,0,0,交收办理,买方违约,2017/10/20 10:50:28,2017/10/19 10:50:28,,
2017/06/06,2017/06/06,14:32:34,00000051,CU010005,诚骋-BIRLA,铜,45050,50,0,00000030,诚骋,BIRLA,上海忠翼金属有限公司,0,0,委买,2252500,2252500,0,0,0,0,交收办理,买方违约,2017/10/20 10:50:28,2017/10/19 10:50:28,,
2017/06/06,2017/06/06,14:32:34,00000052,CU010005,诚骋-BIRLA,铜,45050,100,0,00000030,诚骋,BIRLA,上海忠翼金属有限公司,0,0,委买,4505000,4505000,0,0,0,0,交收办理,买方违约,2017/10/20 10:50:28,2017/10/19 10:50:28,,
2017/06/06,2017/06/06,14:32:34,00000052,CU010005,诚骋-BIRLA,铜,45050,100,0,00000051,诚骋,BIRLA,大商道供应链管理服务（西安）有限公司,0,0,委卖,4505000,4505000,0,0,0,0,交收办理,买方违约,2017/10/20 10:50:28,2017/10/19 10:50:28,,
2017/06/07,2017/06/07,09:45:47,00000007,CU010005,诚骋-BIRLA,铜,45010,100,0,00000021,诚骋,BIRLA,上海瑞禾贸易有限公司,0,0,委买,4501000,4501000,0,0,0,0,交收办理,买方违约,2017/10/20 10:50:28,2017/10/19 10:50:28,,
2017/06/07,2017/06/07,09:45:47,00000007,CU010005,诚骋-BIRLA,铜,45010,100,0,00000051,诚骋,BIRLA,大商道供应链管理服务（西安）有限公司,0,0,委卖,4501000,4501000,0,0,0,0,交收办理,买方违约,2017/10/20 10:50:28,2017/10/19 10:50:28,,
2017/06/07,2017/06/07,10:59:46,00000024,CU010005,诚骋-BIRLA,铜,44980,200,0,00000000,诚骋,BIRLA,上海迈科金属资源有限公司,0,0,委卖,8996000,8996000,0,0,0,0,交收办理,买方违约,2017/10/20 10:50:28,2017/10/19 10:50:28,,
2017/06/07,2017/06/07,10:59:46,00000024,CU010005,诚骋-BIRLA,铜,44980,200,0,00000021,诚骋,BIRLA,上海瑞禾贸易有限公司,0,0,委买,8996000,8996000,0,0,0,0,交收办理,买方违约,2017/10/20 10:50:28,2017/10/19 10:50:28,,
2017/06/07,2017/06/07,14:19:59,00000042,CU010051,诚骋-QB,铜,44760,40,0,00000000,诚骋,QB,上海迈科金属资源有限公司,0,0,委卖,1790400,1790400,0,0,0,0,交收办理,买方违约,2017/10/20 10:50:28,2017/10/19 10:50:28,,
2017/06/07,2017/06/07,14:19:59,00000042,CU010051,诚骋-QB,铜,44760,40,0,00000022,诚骋,QB,上海五锐国际贸易有限公司,0,0,委买,1790400,1790400,0,0,0,0,交收办理,买方违约,2017/10/20 10:50:28,2017/10/19 10:50:28,,
2017/06/09,2017/06/09,13:48:14,00000015,CU010019,诚骋-FHG,铜,45600,80,0,00000000,诚骋,FHG,上海迈科金属资源有限公司,0,0,委卖,3648000,3648000,0,0,0,0,交收办理,买方违约,2017/10/20 10:50:28,2017/10/19 10:50:28,,
2017/06/09,2017/06/09,13:48:14,00000015,CU010019,诚骋-FHG,铜,45600,80,0,00000022,诚骋,FHG,上海五锐国际贸易有限公司,0,0,委买,3648000,3648000,0,0,0,0,交收办理,买方违约,2017/10/20 10:50:28,2017/10/19 10:50:28,,
2017/06/16,2017/06/16,09:41:47,00000001,CU010005,诚骋-BIRLA,铜,45480,200,0,00000000,诚骋,BIRLA,上海迈科金属资源有限公司,0,0,委卖,9096000,9096000,0,0,0,0,交收办理,买方违约,2017/10/20 10:50:29,2017/10/19 10:50:29,,
2017/06/16,2017/06/16,09:41:47,00000001,CU010005,诚骋-BIRLA,铜,45480,200,0,00000021,诚骋,BIRLA,上海瑞禾贸易有限公司,0,0,委买,9096000,9096000,0,0,0,0,交收办理,买方违约,2017/10/20 10:50:29,2017/10/19 10:50:29,,
2017/06/16,2017/06/16,10:39:53,00000011,CU010005,诚骋-BIRLA,铜,45480,200,0,00000000,诚骋,BIRLA,上海迈科金属资源有限公司,0,0,委卖,9096000,9096000,0,0,0,0,交收办理,买方违约,2017/10/20 10:50:29,2017/10/19 10:50:29,,
2017/06/16,2017/06/16,10:39:53,00000011,CU010005,诚骋-BIRLA,铜,45480,200,0,00000021,诚骋,BIRLA,上海瑞禾贸易有限公司,0,0,委买,9096000,9096000,0,0,0,0,交收办理,买方违约,2017/10/20 10:50:29,2017/10/19 10:50:29,,
2017/06/16,2017/06/16,10:44:54,00000013,CU010005,诚骋-BIRLA,铜,45450,200,0,00000000,诚骋,BIRLA,上海迈科金属资源有限公司,0,0,委卖,9090000,9090000,0,0,0,0,交收办理,买方违约,2017/10/20 10:50:29,2017/10/19 10:50:29,,
2017/06/16,2017/06/16,10:44:54,00000013,CU010005,诚骋-BIRLA,铜,45450,200,0,00000021,诚骋,BIRLA,上海瑞禾贸易有限公司,0,0,委买,9090000,9090000,0,0,0,0,交收办理,买方违约,2017/10/20 10:50:29,2017/10/19 10:50:29,,
2017/06/16,2017/06/16,11:03:16,00000019,CU010005,诚骋-BIRLA,铜,45410,200,0,00000000,诚骋,BIRLA,上海迈科金属资源有限公司,0,0,委卖,9082000,9082000,0,0,0,0,交收办理,买方违约,2017/10/20 10:50:29,2017/10/19 10:50:29,,
2017/06/16,2017/06/16,11:03:16,00000019,CU010005,诚骋-BIRLA,铜,45410,200,0,00000021,诚骋,BIRLA,上海瑞禾贸易有限公司,0,0,委买,9082000,9082000,0,0,0,0,交收办理,买方违约,2017/10/20 10:50:29,2017/10/19 10:50:29,,
2017/06/19,2017/06/19,10:11:16,00000004,CU010735,中证寰球-鲁方,铜,45330,10,0,00000002,中证寰球,鲁方,大商道（上海）有色金属有限公司,0,0,委卖,453300,453300,0,0,0,0,交收办理,买方违约,2017/10/20 10:50:29,2017/10/19 10:50:29,,
2017/06/19,2017/06/19,10:11:16,00000004,CU010735,中证寰球-鲁方,铜,45330,10,0,00000065,中证寰球,鲁方,上海鑫冶铜业有限公司,0,0,委买,453300,453300,0,0,0,0,交收办理,买方违约,2017/10/20 10:50:29,2017/10/19 10:50:29,,
2017/06/22,2017/06/22,09:39:57,00000001,CU010064,诚骋-祥光,铜,45830,100,0,00000058,诚骋,祥光,上海亚炬资源有限公司,0,0,委买,4583000,4583000,0,0,0,0,交收办理,买方违约,2017/10/20 10:50:29,2017/10/19 10:50:29,,
2017/06/22,2017/06/22,09:39:57,00000001,CU010064,诚骋-祥光,铜,45830,100,0,00000059,诚骋,祥光,深圳迈科金属有限公司,0,0,委卖,4583000,4583000,0,0,0,0,交收办理,买方违约,2017/10/20 10:50:29,2017/10/19 10:50:29,,
2017/06/29,2017/06/29,09:34:54,00000003,CU010005,诚骋-BIRLA,铜,47110,100,0,00000029,诚骋,BIRLA,西安迈科金属国际集团有限公司,0,0,委卖,4711000,4711000,0,0,0,0,交收办理,买方违约,2017/10/20 10:50:29,2017/10/19 10:50:29,,
2017/06/29,2017/06/29,09:34:54,00000003,CU010005,诚骋-BIRLA,铜,47110,100,0,00000102,诚骋,BIRLA,佛山市铜都金属科技有限公司,0,0,委买,4711000,4711000,0,0,0,0,交收办理,买方违约,2017/10/20 10:50:29,2017/10/19 10:50:29,,
2017/07/18,2017/07/18,09:34:02,00000005,CU010021,诚骋-GRESI,铜,47630,100,0,00000000,诚骋,GRESI,上海迈科金属资源有限公司,0,0,委卖,4763000,4763000,0,0,0,0,交收办理,买方违约,2017/10/20 10:50:29,2017/10/19 10:50:29,,
2017/07/18,2017/07/18,09:34:02,00000005,CU010021,诚骋-GRESI,铜,47630,100,0,00000006,诚骋,GRESI,上海金田铜业有限公司,0,0,委买,4763000,4763000,0,0,0,0,交收办理,买方违约,2017/10/20 10:50:29,2017/10/19 10:50:29,,
2017/07/18,2017/07/18,09:34:32,00000007,CU010005,诚骋-BIRLA,铜,47600,50,0,00000000,诚骋,BIRLA,上海迈科金属资源有限公司,0,0,委卖,2380000,2380000,0,0,0,0,交收办理,买方违约,2017/10/20 10:50:29,2017/10/19 10:50:29,,
2017/07/18,2017/07/18,09:34:32,00000007,CU010005,诚骋-BIRLA,铜,47600,50,0,00000006,诚骋,BIRLA,上海金田铜业有限公司,0,0,委买,2380000,2380000,0,0,0,0,交收办理,买方违约,2017/10/20 10:50:29,2017/10/19 10:50:29,,
2017/07/26,2017/07/26,09:54:44,00000001,CU010030,诚骋-JNMC,铜,49410,50,0,00000000,诚骋,JNMC,上海迈科金属资源有限公司,0,0,委卖,2470500,2470500,0,0,0,0,交收办理,买方违约,2017/10/20 10:50:29,2017/10/19 10:50:29,,
2017/07/26,2017/07/26,09:54:44,00000001,CU010030,诚骋-JNMC,铜,49410,50,0,00000061,诚骋,JNMC,上海晋金实业有限公司,0,0,委买,2470500,2470500,0,0,0,0,交收办理,买方违约,2017/10/20 10:50:29,2017/10/19 10:50:29,,
2017/07/26,2017/07/26,10:03:45,00000002,CU010030,诚骋-JNMC,铜,49390,105,0,00000000,诚骋,JNMC,上海迈科金属资源有限公司,0,0,委卖,5185950,5185950,0,0,0,0,交收办理,买方违约,2017/10/20 10:50:29,2017/10/19 10:50:29,,
2017/07/26,2017/07/26,10:03:45,00000002,CU010030,诚骋-JNMC,铜,49390,105,0,00000011,诚骋,JNMC,上海恒越贸易有限公司,0,0,委买,5185950,5185950,0,0,0,0,交收办理,买方违约,2017/10/20 10:50:29,2017/10/19 10:50:29,,
2017/07/26,2017/07/26,10:03:45,00000003,CU010030,诚骋-JNMC,铜,49390,195,0,00000000,诚骋,JNMC,上海迈科金属资源有限公司,0,0,委卖,9631050,9631050,0,0,0,0,交收办理,买方违约,2017/10/20 10:50:29,2017/10/19 10:50:29,,
2017/07/26,2017/07/26,10:03:45,00000003,CU010030,诚骋-JNMC,铜,49390,195,0,00000011,诚骋,JNMC,上海恒越贸易有限公司,0,0,委买,9631050,9631050,0,0,0,0,交收办理,买方违约,2017/10/20 10:50:29,2017/10/19 10:50:29,,
2017/07/26,2017/07/26,10:09:36,00000004,CU010030,诚骋-JNMC,铜,49480,50,0,00000000,诚骋,JNMC,上海迈科金属资源有限公司,0,0,委卖,2474000,2474000,0,0,0,0,交收办理,买方违约,2017/10/20 10:50:29,2017/10/19 10:50:29,,
2017/07/26,2017/07/26,10:09:36,00000004,CU010030,诚骋-JNMC,铜,49480,50,0,00000061,诚骋,JNMC,上海晋金实业有限公司,0,0,委买,2474000,2474000,0,0,0,0,交收办理,买方违约,2017/10/20 10:50:29,2017/10/19 10:50:29,,
2017/08/01,2017/08/01,10:37:07,00000006,CU010041,诚骋-MV,铜,50090,100,0,00000002,诚骋,MV,大商道（上海）有色金属有限公司,0,0,委买,5009000,5009000,0,0,0,0,交收办理,协议交收,2017/10/20 10:50:29,2017/10/19 10:50:29,,
2017/08/01,2017/08/01,10:37:07,00000006,CU010041,诚骋-MV,铜,50090,100,0,00000002,诚骋,MV,大商道（上海）有色金属有限公司,0,0,委卖,5009000,5009000,0,0,0,0,交收办理,协议交收,2017/10/20 10:50:29,2017/10/19 10:50:29,,
2017/08/04,2017/08/04,09:44:08,00000007,CU010005,诚骋-BIRLA,铜,50070,100,0,00000002,诚骋,BIRLA,大商道（上海）有色金属有限公司,0,0,委卖,5007000,5007000,0,0,0,0,交收办理,买方违约,2017/10/20 10:50:29,2017/10/19 10:50:29,,
2017/08/04,2017/08/04,09:44:08,00000007,CU010005,诚骋-BIRLA,铜,50070,100,0,00000006,诚骋,BIRLA,上海金田铜业有限公司,0,0,委买,5007000,5007000,0,0,0,0,交收办理,买方违约,2017/10/20 10:50:29,2017/10/19 10:50:29,,
2017/08/10,2017/08/10,09:39:19,00000001,CU010005,诚骋-BIRLA,铜,50400,100,0,00000000,诚骋,BIRLA,上海迈科金属资源有限公司,0,0,委卖,5040000,5040000,0,0,0,0,交收办理,买方违约,2017/10/20 10:50:29,2017/10/19 10:50:29,,
2017/08/10,2017/08/10,09:39:19,00000001,CU010005,诚骋-BIRLA,铜,50400,100,0,00000021,诚骋,BIRLA,上海瑞禾贸易有限公司,0,0,委买,5040000,5040000,0,0,0,0,交收办理,买方违约,2017/10/20 10:50:29,2017/10/19 10:50:29,,
2017/08/10,2017/08/10,09:41:49,00000002,CU010005,诚骋-BIRLA,铜,50410,100,0,00000000,诚骋,BIRLA,上海迈科金属资源有限公司,0,0,委卖,5041000,5041000,0,0,0,0,交收办理,买方违约,2017/10/20 10:50:29,2017/10/19 10:50:29,,
2017/08/10,2017/08/10,09:41:49,00000002,CU010005,诚骋-BIRLA,铜,50410,100,0,00000021,诚骋,BIRLA,上海瑞禾贸易有限公司,0,0,委买,5041000,5041000,0,0,0,0,交收办理,买方违约,2017/10/20 10:50:29,2017/10/19 10:50:29,,
2017/08/10,2017/08/10,09:50:30,00000003,CU010321,上港-MET,铜,50460,100,0,00000021,上港,MET,上海瑞禾贸易有限公司,0,0,委买,5046000,5046000,0,0,0,0,交收办理,买方违约,2017/10/20 10:50:29,2017/10/19 10:50:29,,
2017/08/10,2017/08/10,09:50:30,00000003,CU010321,上港-MET,铜,50460,100,0,00000051,上港,MET,大商道供应链管理服务（西安）有限公司,0,0,委卖,5046000,5046000,0,0,0,0,交收办理,买方违约,2017/10/20 10:50:29,2017/10/19 10:50:29,,
2017/08/10,2017/08/10,09:51:40,00000004,CU010005,诚骋-BIRLA,铜,50480,100,0,00000000,诚骋,BIRLA,上海迈科金属资源有限公司,0,0,委卖,5048000,5048000,0,0,0,0,交收办理,买方违约,2017/10/20 10:50:29,2017/10/19 10:50:29,,
2017/08/10,2017/08/10,09:51:40,00000004,CU010005,诚骋-BIRLA,铜,50480,100,0,00000021,诚骋,BIRLA,上海瑞禾贸易有限公司,0,0,委买,5048000,5048000,0,0,0,0,交收办理,买方违约,2017/10/20 10:50:29,2017/10/19 10:50:29,,
2017/08/10,2017/08/10,09:52:50,00000005,CU010005,诚骋-BIRLA,铜,50480,100,0,00000000,诚骋,BIRLA,上海迈科金属资源有限公司,0,0,委卖,5048000,5048000,0,0,0,0,交收办理,买方违约,2017/10/20 10:50:29,2017/10/19 10:50:29,,
2017/08/10,2017/08/10,09:52:50,00000005,CU010005,诚骋-BIRLA,铜,50480,100,0,00000021,诚骋,BIRLA,上海瑞禾贸易有限公司,0,0,委买,5048000,5048000,0,0,0,0,交收办理,买方违约,2017/10/20 10:50:29,2017/10/19 10:50:29,,
2017/08/10,2017/08/10,09:52:50,00000006,CU010321,上港-MET,铜,50460,100,0,00000021,上港,MET,上海瑞禾贸易有限公司,0,0,委买,5046000,5046000,0,0,0,0,交收办理,买方违约,2017/10/20 10:50:29,2017/10/19 10:50:29,,
2017/08/10,2017/08/10,09:52:50,00000006,CU010321,上港-MET,铜,50460,100,0,00000051,上港,MET,大商道供应链管理服务（西安）有限公司,0,0,委卖,5046000,5046000,0,0,0,0,交收办理,买方违约,2017/10/20 10:50:29,2017/10/19 10:50:29,,
2017/08/10,2017/08/10,10:52:48,00000023,CU010005,诚骋-BIRLA,铜,50430,200,0,00000000,诚骋,BIRLA,上海迈科金属资源有限公司,0,0,委卖,10086000,10086000,0,0,0,0,交收办理,买方违约,2017/10/20 10:50:29,2017/10/19 10:50:29,,
2017/08/10,2017/08/10,10:52:48,00000023,CU010005,诚骋-BIRLA,铜,50430,200,0,00000021,诚骋,BIRLA,上海瑞禾贸易有限公司,0,0,委买,10086000,10086000,0,0,0,0,交收办理,买方违约,2017/10/20 10:50:29,2017/10/19 10:50:29,,
2017/08/10,2017/08/10,10:55:28,00000026,CU010005,诚骋-BIRLA,铜,50430,200,0,00000000,诚骋,BIRLA,上海迈科金属资源有限公司,0,0,委卖,10086000,10086000,0,0,0,0,交收办理,买方违约,2017/10/20 10:50:29,2017/10/19 10:50:29,,
2017/08/10,2017/08/10,10:55:28,00000026,CU010005,诚骋-BIRLA,铜,50430,200,0,00000021,诚骋,BIRLA,上海瑞禾贸易有限公司,0,0,委买,10086000,10086000,0,0,0,0,交收办理,买方违约,2017/10/20 10:50:29,2017/10/19 10:50:29,,
2017/08/11,2017/08/11,13:46:19,00000022,CU010049,诚骋-PIRDOP,铜,49650,15,0,00000002,诚骋,PIRDOP,大商道（上海）有色金属有限公司,0,0,委买,744750,744750,0,0,0,0,交收办理,协议交收,2017/10/20 10:50:29,2017/10/19 10:50:29,,
2017/08/11,2017/08/11,13:46:19,00000022,CU010049,诚骋-PIRDOP,铜,49650,15,0,00000002,诚骋,PIRDOP,大商道（上海）有色金属有限公司,0,0,委卖,744750,744750,0,0,0,0,交收办理,协议交收,2017/10/20 10:50:29,2017/10/19 10:50:29,,
2017/08/17,2017/08/17,10:49:17,00000012,CU010270,吴淞-JNMC,铜,51010,100,0,00000000,吴淞,JNMC,上海迈科金属资源有限公司,0,0,委卖,5101000,5101000,0,0,0,0,交收办理,买方违约,2017/10/20 10:50:29,2017/10/19 10:50:29,,
2017/08/17,2017/08/17,10:49:17,00000012,CU010270,吴淞-JNMC,铜,51010,100,0,00000007,吴淞,JNMC,上海迈科迪信投资管理有限公司,0,0,委买,5101000,5101000,0,0,0,0,交收办理,买方违约,2017/10/20 10:50:29,2017/10/19 10:50:29,,
2017/08/18,2017/08/18,11:09:30,00000036,CU010027,诚骋-ILO,铜,50500,15,0,00000002,诚骋,ILO,大商道（上海）有色金属有限公司,0,0,委买,757500,757500,0,0,0,0,交收办理,协议交收,2017/10/20 10:50:29,2017/10/19 10:50:29,,
2017/08/18,2017/08/18,11:09:30,00000036,CU010027,诚骋-ILO,铜,50500,15,0,00000002,诚骋,ILO,大商道（上海）有色金属有限公司,0,0,委卖,757500,757500,0,0,0,0,交收办理,协议交收,2017/10/20 10:50:29,2017/10/19 10:50:29,,
2017/08/22,2017/08/22,09:53:08,00000021,CU010094,大场-BIRLA,铜,51170,100,0,00000000,大场,BIRLA,上海迈科金属资源有限公司,0,0,委卖,5117000,5117000,0,0,0,0,交收办理,买方违约,2017/10/20 10:50:29,2017/10/19 10:50:29,,
2017/08/22,2017/08/22,09:53:08,00000021,CU010094,大场-BIRLA,铜,51170,100,0,00000041,大场,BIRLA,宁波金田铜材有限公司,0,0,委买,5117000,5117000,0,0,0,0,交收办理,买方违约,2017/10/20 10:50:29,2017/10/19 10:50:29,,
2017/08/24,2017/08/24,13:47:47,00000007,CU010057,诚骋-STERLI,铜,51540,100,0,00000047,诚骋,STERLI,上海京慧诚国际贸易有限公司,0,0,委买,5154000,5154000,0,0,0,0,交收办理,买方违约,2017/10/20 10:50:29,2017/10/19 10:50:29,,
2017/08/24,2017/08/24,13:47:47,00000007,CU010057,诚骋-STERLI,铜,51540,100,0,00000051,诚骋,STERLI,大商道供应链管理服务（西安）有限公司,0,0,委卖,5154000,5154000,0,0,0,0,交收办理,买方违约,2017/10/20 10:50:29,2017/10/19 10:50:29,,
2017/08/28,2017/08/28,09:40:48,00000006,CU010005,诚骋-BIRLA,铜,52210,100,0,00000000,诚骋,BIRLA,上海迈科金属资源有限公司,0,0,委卖,5221000,5221000,0,0,0,0,交收办理,买方违约,2017/10/20 10:50:29,2017/10/19 10:50:29,,
2017/08/28,2017/08/28,09:40:48,00000006,CU010005,诚骋-BIRLA,铜,52210,100,0,00000069,诚骋,BIRLA,上海远宜国际贸易有限公司,0,0,委买,5221000,5221000,0,0,0,0,交收办理,买方违约,2017/10/20 10:50:29,2017/10/19 10:50:29,,
2017/09/08,2017/09/08,11:21:09,00000021,CU010005,诚骋-BIRLA,铜,52530,50,0,00000000,诚骋,BIRLA,上海迈科金属资源有限公司,0,0,委卖,2626500,2626500,0,0,0,0,交收办理,买方违约,2017/10/20 10:50:29,2017/10/19 10:50:29,,
2017/09/08,2017/09/08,11:21:09,00000021,CU010005,诚骋-BIRLA,铜,52530,50,0,00000069,诚骋,BIRLA,上海远宜国际贸易有限公司,0,0,委买,2626500,2626500,0,0,0,0,交收办理,买方违约,2017/10/20 10:50:29,2017/10/19 10:50:29,,
2017/09/08,2017/09/08,11:21:39,00000022,CU010005,诚骋-BIRLA,铜,52520,40,0,00000000,诚骋,BIRLA,上海迈科金属资源有限公司,0,0,委卖,2100800,2100800,0,0,0,0,交收办理,买方违约,2017/10/20 10:50:29,2017/10/19 10:50:29,,
2017/09/08,2017/09/08,11:21:39,00000022,CU010005,诚骋-BIRLA,铜,52520,40,0,00000069,诚骋,BIRLA,上海远宜国际贸易有限公司,0,0,委买,2100800,2100800,0,0,0,0,交收办理,买方违约,2017/10/20 10:50:29,2017/10/19 10:50:29,,
2017/09/08,2017/09/08,13:39:47,00000031,CU010006,诚骋-BK,铜,52220,100,0,00000000,诚骋,BK,上海迈科金属资源有限公司,0,0,委卖,5222000,5222000,0,0,0,0,交收办理,买方违约,2017/10/20 10:50:29,2017/10/19 10:50:29,,
2017/09/08,2017/09/08,13:39:47,00000031,CU010006,诚骋-BK,铜,52220,100,0,00000047,诚骋,BK,上海京慧诚国际贸易有限公司,0,0,委买,5222000,5222000,0,0,0,0,交收办理,买方违约,2017/10/20 10:50:29,2017/10/19 10:50:29,,
2017/09/08,2017/09/08,13:44:38,00000033,CU010006,诚骋-BK,铜,52230,100,0,00000000,诚骋,BK,上海迈科金属资源有限公司,0,0,委卖,5223000,5223000,0,0,0,0,交收办理,买方违约,2017/10/20 10:50:29,2017/10/19 10:50:29,,
2017/09/08,2017/09/08,13:44:38,00000033,CU010006,诚骋-BK,铜,52230,100,0,00000047,诚骋,BK,上海京慧诚国际贸易有限公司,0,0,委买,5223000,5223000,0,0,0,0,交收办理,买方违约,2017/10/20 10:50:29,2017/10/19 10:50:29,,
2017/09/08,2017/09/08,14:15:37,00000048,CU010064,诚骋-祥光,铜,51710,100,0,00000000,诚骋,祥光,上海迈科金属资源有限公司,0,0,委卖,5171000,5171000,0,0,0,0,交收办理,买方违约,2017/10/20 10:50:29,2017/10/19 10:50:29,,
2017/09/08,2017/09/08,14:15:37,00000048,CU010064,诚骋-祥光,铜,51710,100,0,00000047,诚骋,祥光,上海京慧诚国际贸易有限公司,0,0,委买,5171000,5171000,0,0,0,0,交收办理,买方违约,2017/10/20 10:50:29,2017/10/19 10:50:29,,
2017/09/08,2017/09/08,14:30:32,00000053,CU010055,诚骋-SPENCE,铜,51720,50,0,00000000,诚骋,SPENCE,上海迈科金属资源有限公司,0,0,委卖,2586000,2586000,0,0,0,0,交收办理,买方违约,2017/10/20 10:50:29,2017/10/19 10:50:29,,
2017/09/08,2017/09/08,14:30:32,00000053,CU010055,诚骋-SPENCE,铜,51720,50,0,00000047,诚骋,SPENCE,上海京慧诚国际贸易有限公司,0,0,委买,2586000,2586000,0,0,0,0,交收办理,买方违约,2017/10/20 10:50:29,2017/10/19 10:50:29,,
2017/09/12,2017/09/12,10:05:24,00000018,CU020209,粤储-紫金,铜,51390,100,0,00000007,粤储,紫金,上海迈科迪信投资管理有限公司,0,0,委卖,5139000,5139000,0,0,0,0,交收办理,卖方违约,2017/10/20 10:50:29,2017/10/19 10:50:29,,
2017/09/12,2017/09/12,10:05:24,00000018,CU020209,粤储-紫金,铜,51390,100,0,00000047,粤储,紫金,上海京慧诚国际贸易有限公司,0,0,委买,5139000,5139000,0,0,0,0,交收办理,卖方违约,2017/10/20 10:50:29,2017/10/19 10:50:29,,
2017/09/12,2017/09/12,10:39:13,00000021,CU020209,粤储-紫金,铜,51270,100,0,00000007,粤储,紫金,上海迈科迪信投资管理有限公司,0,0,委卖,5127000,5127000,0,0,0,0,交收办理,卖方违约,2017/10/20 10:50:29,2017/10/19 10:50:29,,
2017/09/12,2017/09/12,10:39:13,00000021,CU020209,粤储-紫金,铜,51270,100,0,00000047,粤储,紫金,上海京慧诚国际贸易有限公司,0,0,委买,5127000,5127000,0,0,0,0,交收办理,卖方违约,2017/10/20 10:50:29,2017/10/19 10:50:29,,
2017/09/12,2017/09/12,11:10:02,00000032,CU020086,粤储-JCC,铜,51370,50,0,00000019,粤储,JCC,佛山市南海学峰金属回收有限公司,0,0,委买,2568500,2568500,0,0,0,0,交收办理,卖方违约,2017/10/20 10:50:29,2017/10/19 10:50:29,,
2017/09/12,2017/09/12,11:10:02,00000032,CU020086,粤储-JCC,铜,51370,50,0,00000059,粤储,JCC,深圳迈科金属有限公司,0,0,委卖,2568500,2568500,0,0,0,0,交收办理,卖方违约,2017/10/20 10:50:29,2017/10/19 10:50:29,,
2017/09/12,2017/09/12,11:14:33,00000034,CU020209,粤储-紫金,铜,51320,50,0,00000007,粤储,紫金,上海迈科迪信投资管理有限公司,0,0,委卖,2566000,2566000,0,0,0,0,交收办理,卖方违约,2017/10/20 10:50:29,2017/10/19 10:50:29,,
2017/09/12,2017/09/12,11:14:33,00000034,CU020209,粤储-紫金,铜,51320,50,0,00000036,粤储,紫金,佛山市兴海铜铝业有限公司,0,0,委买,2566000,2566000,0,0,0,0,交收办理,卖方违约,2017/10/20 10:50:29,2017/10/19 10:50:29,,
2017/09/12,2017/09/12,11:21:05,00000036,CU020086,粤储-JCC,铜,51320,200,0,00000059,粤储,JCC,深圳迈科金属有限公司,0,0,委卖,10264000,10264000,0,0,0,0,交收办理,卖方违约,2017/10/20 10:50:29,2017/10/19 10:50:29,,
2017/09/12,2017/09/12,11:21:05,00000036,CU020086,粤储-JCC,铜,51320,200,0,00000061,粤储,JCC,上海晋金实业有限公司,0,0,委买,10264000,10264000,0,0,0,0,交收办理,卖方违约,2017/10/20 10:50:29,2017/10/19 10:50:29,,
2017/09/12,2017/09/12,11:23:15,00000037,CU020086,粤储-JCC,铜,51340,50,0,00000008,粤储,JCC,佛山市南海区轩鹏有色金属有限公司,0,0,委买,2567000,2567000,0,0,0,0,交收办理,卖方违约,2017/10/20 10:50:29,2017/10/19 10:50:29,,
2017/09/12,2017/09/12,11:23:15,00000037,CU020086,粤储-JCC,铜,51340,50,0,00000059,粤储,JCC,深圳迈科金属有限公司,0,0,委卖,2567000,2567000,0,0,0,0,交收办理,卖方违约,2017/10/20 10:50:29,2017/10/19 10:50:29,,
2017/09/12,2017/09/12,13:40:24,00000040,CU020209,粤储-紫金,铜,51360,200,0,00000059,粤储,紫金,深圳迈科金属有限公司,0,0,委卖,10272000,10272000,0,0,0,0,交收办理,卖方违约,2017/10/20 10:50:29,2017/10/19 10:50:29,,
2017/09/12,2017/09/12,13:40:24,00000040,CU020209,粤储-紫金,铜,51360,200,0,00000061,粤储,紫金,上海晋金实业有限公司,0,0,委买,10272000,10272000,0,0,0,0,交收办理,卖方违约,2017/10/20 10:50:29,2017/10/19 10:50:29,,
2017/09/12,2017/09/12,13:47:05,00000041,CU020209,粤储-紫金,铜,51360,100,0,00000059,粤储,紫金,深圳迈科金属有限公司,0,0,委卖,5136000,5136000,0,0,0,0,交收办理,卖方违约,2017/10/20 10:50:29,2017/10/19 10:50:29,,
2017/09/12,2017/09/12,13:47:05,00000041,CU020209,粤储-紫金,铜,51360,100,0,00000061,粤储,紫金,上海晋金实业有限公司,0,0,委买,5136000,5136000,0,0,0,0,交收办理,卖方违约,2017/10/20 10:50:29,2017/10/19 10:50:29,,
2017/09/12,2017/09/12,14:37:40,00000052,CU020209,粤储-紫金,铜,51440,100,0,00000059,粤储,紫金,深圳迈科金属有限公司,0,0,委卖,5144000,5144000,0,0,0,0,交收办理,卖方违约,2017/10/20 10:50:29,2017/10/19 10:50:29,,
2017/09/12,2017/09/12,14:37:40,00000052,CU020209,粤储-紫金,铜,51440,100,0,00000061,粤储,紫金,上海晋金实业有限公司,0,0,委买,5144000,5144000,0,0,0,0,交收办理,卖方违约,2017/10/20 10:50:29,2017/10/19 10:50:29,,
2017/09/12,2017/09/12,14:48:23,00000055,CU020209,粤储-紫金,铜,51480,100,0,00000059,粤储,紫金,深圳迈科金属有限公司,0,0,委卖,5148000,5148000,0,0,0,0,交收办理,卖方违约,2017/10/20 10:50:29,2017/10/19 10:50:29,,
2017/09/12,2017/09/12,14:48:23,00000055,CU020209,粤储-紫金,铜,51480,100,0,00000061,粤储,紫金,上海晋金实业有限公司,0,0,委买,5148000,5148000,0,0,0,0,交收办理,卖方违约,2017/10/20 10:50:29,2017/10/19 10:50:29,,
2017/09/13,2017/09/13,13:30:14,00000028,CU010228,吴淞-HMG-B,铜,51010,15,0,00000000,吴淞,HMG-B,上海迈科金属资源有限公司,0,0,委卖,765150,765150,0,0,0,0,交收办理,协议交收,2017/10/20 10:50:29,2017/10/19 10:50:29,,
2017/09/13,2017/09/13,13:30:14,00000028,CU010228,吴淞-HMG-B,铜,51010,15,0,00000002,吴淞,HMG-B,大商道（上海）有色金属有限公司,0,0,委买,765150,765150,0,0,0,0,交收办理,协议交收,2017/10/20 10:50:29,2017/10/19 10:50:29,,
2017/09/18,2017/09/18,09:42:40,00000005,CU010027,诚骋-ILO,铜,50470,100,0,00000002,诚骋,ILO,大商道（上海）有色金属有限公司,0,0,委卖,5047000,5047000,0,0,0,0,交收办理,买方违约,2017/10/20 10:50:29,2017/10/19 10:50:29,,
2017/09/18,2017/09/18,09:42:40,00000005,CU010027,诚骋-ILO,铜,50470,100,0,00000061,诚骋,ILO,上海晋金实业有限公司,0,0,委买,5047000,5047000,0,0,0,0,交收办理,买方违约,2017/10/20 10:50:29,2017/10/19 10:50:29,,
2017/09/18,2017/09/18,09:55:14,00000020,CU010043,诚骋-NORAND,铜,50490,100,0,00000000,诚骋,NORAND,上海迈科金属资源有限公司,0,0,委卖,5049000,5049000,0,0,0,0,交收办理,协议交收,2017/10/20 10:50:29,2017/10/19 10:50:29,,
2017/09/18,2017/09/18,09:55:14,00000020,CU010043,诚骋-NORAND,铜,50490,100,0,00000021,诚骋,NORAND,上海瑞禾贸易有限公司,0,0,委买,5049000,5049000,0,0,0,0,交收办理,协议交收,2017/10/20 10:50:29,2017/10/19 10:50:29,,
2017/09/18,2017/09/18,09:56:24,00000022,CU010043,诚骋-NORAND,铜,50490,100,0,00000000,诚骋,NORAND,上海迈科金属资源有限公司,0,0,委卖,5049000,5049000,0,0,0,0,交收办理,协议交收,2017/10/20 10:50:29,2017/10/19 10:50:29,,
2017/09/18,2017/09/18,09:56:24,00000022,CU010043,诚骋-NORAND,铜,50490,100,0,00000021,诚骋,NORAND,上海瑞禾贸易有限公司,0,0,委买,5049000,5049000,0,0,0,0,交收办理,协议交收,2017/10/20 10:50:29,2017/10/19 10:50:29,,
2017/09/18,2017/09/18,10:00:35,00000027,CU010057,诚骋-STERLI,铜,50480,100,0,00000000,诚骋,STERLI,上海迈科金属资源有限公司,0,0,委卖,5048000,5048000,0,0,0,0,交收办理,协议交收,2017/10/20 10:50:29,2017/10/19 10:50:29,,
2017/09/18,2017/09/18,10:00:35,00000027,CU010057,诚骋-STERLI,铜,50480,100,0,00000021,诚骋,STERLI,上海瑞禾贸易有限公司,0,0,委买,5048000,5048000,0,0,0,0,交收办理,协议交收,2017/10/20 10:50:29,2017/10/19 10:50:29,,
2017/09/18,2017/09/18,10:10:18,00000030,CU010065,诚骋-ZADIVA,铜,50460,100,0,00000000,诚骋,ZADIVA,上海迈科金属资源有限公司,0,0,委卖,5046000,5046000,0,0,0,0,交收办理,协议交收,2017/10/20 10:50:29,2017/10/19 10:50:29,,
2017/09/18,2017/09/18,10:10:18,00000030,CU010065,诚骋-ZADIVA,铜,50460,100,0,00000021,诚骋,ZADIVA,上海瑞禾贸易有限公司,0,0,委买,5046000,5046000,0,0,0,0,交收办理,协议交收,2017/10/20 10:50:29,2017/10/19 10:50:29,,
2017/09/18,2017/09/18,10:46:58,00000041,CU020209,粤储-紫金,铜,50570,250,0,00000051,粤储,紫金,大商道供应链管理服务（西安）有限公司,0,0,委卖,12642500,12642500,0,0,0,0,交收办理,买方违约,2017/10/20 10:50:29,2017/10/19 10:50:29,,
2017/09/18,2017/09/18,10:46:58,00000041,CU020209,粤储-紫金,铜,50570,250,0,00000061,粤储,紫金,上海晋金实业有限公司,0,0,委买,12642500,12642500,0,0,0,0,交收办理,买方违约,2017/10/20 10:50:29,2017/10/19 10:50:29,,
2017/09/18,2017/09/18,13:33:05,00000053,CU010065,诚骋-ZADIVA,铜,50480,100,0,00000000,诚骋,ZADIVA,上海迈科金属资源有限公司,0,0,委卖,5048000,5048000,0,0,0,0,交收办理,买方违约,2017/10/20 10:50:29,2017/10/19 10:50:29,,
2017/09/18,2017/09/18,13:33:05,00000053,CU010065,诚骋-ZADIVA,铜,50480,100,0,00000061,诚骋,ZADIVA,上海晋金实业有限公司,0,0,委买,5048000,5048000,0,0,0,0,交收办理,买方违约,2017/10/20 10:50:29,2017/10/19 10:50:29,,
2017/09/19,2017/09/19,14:02:09,00000018,CU010057,诚骋-STERLI,铜,50730,100,0,00000000,诚骋,STERLI,上海迈科金属资源有限公司,0,0,委卖,5073000,5073000,0,0,0,0,交收办理,协议交收,2017/10/20 10:50:29,2017/10/19 10:50:29,,
2017/09/19,2017/09/19,14:02:09,00000018,CU010057,诚骋-STERLI,铜,50730,100,0,00000132,诚骋,STERLI,广东广物有色金属有限公司,0,0,委买,5073000,5073000,0,0,0,0,交收办理,协议交收,2017/10/20 10:50:29,2017/10/19 10:50:29,,
2017/09/19,2017/09/19,14:02:49,00000019,CU010057,诚骋-STERLI,铜,50730,100,0,00000000,诚骋,STERLI,上海迈科金属资源有限公司,0,0,委卖,5073000,5073000,0,0,0,0,交收办理,协议交收,2017/10/20 10:50:29,2017/10/19 10:50:29,,
2017/09/19,2017/09/19,14:02:49,00000019,CU010057,诚骋-STERLI,铜,50730,100,0,00000132,诚骋,STERLI,广东广物有色金属有限公司,0,0,委买,5073000,5073000,0,0,0,0,交收办理,协议交收,2017/10/20 10:50:29,2017/10/19 10:50:29,,
2017/09/19,2017/09/19,14:03:39,00000020,CU010057,诚骋-STERLI,铜,50730,100,0,00000000,诚骋,STERLI,上海迈科金属资源有限公司,0,0,委卖,5073000,5073000,0,0,0,0,交收办理,协议交收,2017/10/20 10:50:29,2017/10/19 10:50:29,,
2017/09/19,2017/09/19,14:03:39,00000020,CU010057,诚骋-STERLI,铜,50730,100,0,00000132,诚骋,STERLI,广东广物有色金属有限公司,0,0,委买,5073000,5073000,0,0,0,0,交收办理,协议交收,2017/10/20 10:50:29,2017/10/19 10:50:29,,
2017/09/19,2017/09/19,14:04:50,00000022,CU010057,诚骋-STERLI,铜,50720,50,0,00000000,诚骋,STERLI,上海迈科金属资源有限公司,0,0,委卖,2536000,2536000,0,0,0,0,交收办理,协议交收,2017/10/20 10:50:29,2017/10/19 10:50:29,,
2017/09/19,2017/09/19,14:04:50,00000022,CU010057,诚骋-STERLI,铜,50720,50,0,00000132,诚骋,STERLI,广东广物有色金属有限公司,0,0,委买,2536000,2536000,0,0,0,0,交收办理,协议交收,2017/10/20 10:50:29,2017/10/19 10:50:29,,
2017/09/21,2017/09/21,09:48:27,00000014,CU010269,大场-JNMC,铜,50370,100,0,00000000,大场,JNMC,上海迈科金属资源有限公司,0,0,委卖,5037000,5037000,0,0,0,0,交收办理,协议交收,2017/10/20 10:50:29,2017/10/19 10:50:29,,
2017/09/21,2017/09/21,09:48:27,00000014,CU010269,大场-JNMC,铜,50370,100,0,00000030,大场,JNMC,上海忠翼金属有限公司,0,0,委买,5037000,5037000,0,0,0,0,交收办理,协议交收,2017/10/20 10:50:29,2017/10/19 10:50:29,,
2017/09/21,2017/09/21,10:08:13,00000024,CU010057,诚骋-STERLI,铜,50260,150,0,00000000,诚骋,STERLI,上海迈科金属资源有限公司,0,0,委卖,7539000,7539000,0,0,0,0,交收办理,协议交收,2017/10/20 10:50:29,2017/10/19 10:50:29,,
2017/09/21,2017/09/21,10:08:13,00000024,CU010057,诚骋-STERLI,铜,50260,150,0,00000047,诚骋,STERLI,上海京慧诚国际贸易有限公司,0,0,委买,7539000,7539000,0,0,0,0,交收办理,协议交收,2017/10/20 10:50:29,2017/10/19 10:50:29,,
2017/09/21,2017/09/21,10:56:36,00000034,CU010052,诚骋-RT,铜,50200,100,0,00000000,诚骋,RT,上海迈科金属资源有限公司,0,0,委卖,5020000,5020000,0,0,0,0,交收办理,协议交收,2017/10/20 10:50:29,2017/10/19 10:50:29,,
2017/09/21,2017/09/21,10:56:36,00000034,CU010052,诚骋-RT,铜,50200,100,0,00000047,诚骋,RT,上海京慧诚国际贸易有限公司,0,0,委买,5020000,5020000,0,0,0,0,交收办理,协议交收,2017/10/20 10:50:29,2017/10/19 10:50:29,,
2017/09/22,2017/09/22,09:56:34,00000002,CU010055,诚骋-SPENCE,铜,49670,100,0,00000000,诚骋,SPENCE,上海迈科金属资源有限公司,0,0,委卖,4967000,4967000,0,0,0,0,交收办理,协议交收,2017/10/20 10:50:29,2017/10/19 10:50:29,,
2017/09/22,2017/09/22,09:56:34,00000002,CU010055,诚骋-SPENCE,铜,49670,100,0,00000039,诚骋,SPENCE,宁波金田电材有限公司,0,0,委买,4967000,4967000,0,0,0,0,交收办理,协议交收,2017/10/20 10:50:29,2017/10/19 10:50:29,,
2017/09/22,2017/09/22,10:52:40,00000021,CU010055,诚骋-SPENCE,铜,49690,100,0,00000000,诚骋,SPENCE,上海迈科金属资源有限公司,0,0,委卖,4969000,4969000,0,0,0,0,交收办理,协议交收,2017/10/20 10:50:29,2017/10/19 10:50:29,,
2017/09/22,2017/09/22,10:52:40,00000021,CU010055,诚骋-SPENCE,铜,49690,100,0,00000006,诚骋,SPENCE,上海金田铜业有限公司,0,0,委买,4969000,4969000,0,0,0,0,交收办理,协议交收,2017/10/20 10:50:29,2017/10/19 10:50:29,,
2017/09/22,2017/09/22,10:53:10,00000022,CU010055,诚骋-SPENCE,铜,49690,100,0,00000000,诚骋,SPENCE,上海迈科金属资源有限公司,0,0,委卖,4969000,4969000,0,0,0,0,交收办理,协议交收,2017/10/20 10:50:29,2017/10/19 10:50:29,,
2017/09/22,2017/09/22,10:53:10,00000022,CU010055,诚骋-SPENCE,铜,49690,100,0,00000006,诚骋,SPENCE,上海金田铜业有限公司,0,0,委买,4969000,4969000,0,0,0,0,交收办理,协议交收,2017/10/20 10:50:29,2017/10/19 10:50:29,,
2017/09/22,2017/09/22,11:15:26,00000024,CU010057,诚骋-STERLI,铜,49620,100,0,00000000,诚骋,STERLI,上海迈科金属资源有限公司,0,0,委卖,4962000,4962000,0,0,0,0,交收办理,协议交收,2017/10/20 10:50:29,2017/10/19 10:50:29,,
2017/09/22,2017/09/22,11:15:26,00000024,CU010057,诚骋-STERLI,铜,49620,100,0,00000006,诚骋,STERLI,上海金田铜业有限公司,0,0,委买,4962000,4962000,0,0,0,0,交收办理,协议交收,2017/10/20 10:50:29,2017/10/19 10:50:29,,
2017/09/22,2017/09/22,13:33:24,00000025,CU010508,吴淞-祥光,铜,49650,100,0,00000000,吴淞,祥光,上海迈科金属资源有限公司,0,0,委卖,4965000,4965000,0,0,0,0,交收办理,协议交收,2017/10/20 10:50:29,2017/10/19 10:50:29,,
2017/09/22,2017/09/22,13:33:24,00000025,CU010508,吴淞-祥光,铜,49650,100,0,00000006,吴淞,祥光,上海金田铜业有限公司,0,0,委买,4965000,4965000,0,0,0,0,交收办理,协议交收,2017/10/20 10:50:29,2017/10/19 10:50:29,,
2017/09/22,2017/09/22,13:34:04,00000027,CU010049,诚骋-PIRDOP,铜,49650,30,0,00000000,诚骋,PIRDOP,上海迈科金属资源有限公司,0,0,委卖,1489500,1489500,0,0,0,0,交收办理,协议交收,2017/10/20 10:50:29,2017/10/19 10:50:29,,
2017/09/22,2017/09/22,13:34:04,00000027,CU010049,诚骋-PIRDOP,铜,49650,30,0,00000006,诚骋,PIRDOP,上海金田铜业有限公司,0,0,委买,1489500,1489500,0,0,0,0,交收办理,协议交收,2017/10/20 10:50:29,2017/10/19 10:50:29,,
2017/09/22,2017/09/22,13:34:04,00000028,CU010228,吴淞-HMG-B,铜,49670,15,0,00000000,吴淞,HMG-B,上海迈科金属资源有限公司,0,0,委卖,745050,745050,0,0,0,0,交收办理,协议交收,2017/10/20 10:50:29,2017/10/19 10:50:29,,
2017/09/22,2017/09/22,13:34:04,00000028,CU010228,吴淞-HMG-B,铜,49670,15,0,00000006,吴淞,HMG-B,上海金田铜业有限公司,0,0,委买,745050,745050,0,0,0,0,交收办理,协议交收,2017/10/20 10:50:29,2017/10/19 10:50:29,,
2017/09/22,2017/09/22,13:34:34,00000029,CU010063,诚骋-UMMC,铜,49650,20,0,00000000,诚骋,UMMC,上海迈科金属资源有限公司,0,0,委卖,993000,993000,0,0,0,0,交收办理,协议交收,2017/10/20 10:50:29,2017/10/19 10:50:29,,
2017/09/22,2017/09/22,13:34:34,00000029,CU010063,诚骋-UMMC,铜,49650,20,0,00000006,诚骋,UMMC,上海金田铜业有限公司,0,0,委买,993000,993000,0,0,0,0,交收办理,协议交收,2017/10/20 10:50:29,2017/10/19 10:50:29,,
2017/09/26,2017/09/26,14:31:34,00000001,CU010057,诚骋-STERLI,铜,50600,5,0,00000051,诚骋,STERLI,大商道供应链管理服务（西安）有限公司,0,0,委买,253000,253000,0,0,0,0,交收办理,协议交收,2017/10/20 10:50:29,2017/10/19 10:50:29,,
2017/09/26,2017/09/26,14:31:34,00000001,CU010057,诚骋-STERLI,铜,50600,5,0,00000051,诚骋,STERLI,大商道供应链管理服务（西安）有限公司,0,0,委卖,253000,253000,0,0,0,0,交收办理,协议交收,2017/10/20 10:50:29,2017/10/19 10:50:29,,
2017/09/26,2017/09/26,14:53:50,00000031,CU010258,上港-ISA,铜,50820,100,0,00000000,上港,ISA,上海迈科金属资源有限公司,0,0,委卖,5082000,5082000,0,0,0,0,交收办理,协议交收,2017/10/20 10:50:29,2017/10/19 10:50:29,,
2017/09/26,2017/09/26,14:53:50,00000031,CU010258,上港-ISA,铜,50820,100,0,00000091,上港,ISA,中垠物产有限公司,0,0,委买,5082000,5082000,0,0,0,0,交收办理,协议交收,2017/10/20 10:50:29,2017/10/19 10:50:29,,
2017/09/27,2017/09/27,14:36:55,00000036,CU010461,上港-STERLI,铜,50630,25,0,00000051,上港,STERLI,大商道供应链管理服务（西安）有限公司,0,0,委卖,1265750,1265750,0,0,0,0,交收办理,协议交收,2017/10/20 10:50:29,2017/10/19 10:50:29,,
2017/09/27,2017/09/27,14:36:55,00000036,CU010461,上港-STERLI,铜,50630,25,0,00000091,上港,STERLI,中垠物产有限公司,0,0,委买,1265750,1265750,0,0,0,0,交收办理,协议交收,2017/10/20 10:50:29,2017/10/19 10:50:29,,
2017/09/27,2017/09/27,14:36:55,00000037,CU010461,上港-STERLI,铜,50630,100,0,00000051,上港,STERLI,大商道供应链管理服务（西安）有限公司,0,0,委卖,5063000,5063000,0,0,0,0,交收办理,协议交收,2017/10/20 10:50:29,2017/10/19 10:50:29,,
2017/09/27,2017/09/27,14:36:55,00000037,CU010461,上港-STERLI,铜,50630,100,0,00000091,上港,STERLI,中垠物产有限公司,0,0,委买,5063000,5063000,0,0,0,0,交收办理,协议交收,2017/10/20 10:50:29,2017/10/19 10:50:29,,
2017/09/28,2017/09/28,14:36:59,00000039,CU010051,诚骋-QB,铜,50600,100,0,00000000,诚骋,QB,上海迈科金属资源有限公司,0,0,委卖,5060000,5060000,0,0,0,0,交收办理,协议交收,2017/10/20 10:50:29,2017/10/19 10:50:29,,
2017/09/28,2017/09/28,14:36:59,00000039,CU010051,诚骋-QB,铜,50600,100,0,00000132,诚骋,QB,广东广物有色金属有限公司,0,0,委买,5060000,5060000,0,0,0,0,交收办理,协议交收,2017/10/20 10:50:29,2017/10/19 10:50:29,,
2017/09/29,2017/09/29,10:42:08,00000026,CU010057,诚骋-STERLI,铜,51370,100,0,00000000,诚骋,STERLI,上海迈科金属资源有限公司,0,0,委卖,5137000,5137000,0,0,0,0,交收办理,协议交收,2017/10/20 10:50:29,2017/10/19 10:50:29,,
2017/09/29,2017/09/29,10:42:08,00000026,CU010057,诚骋-STERLI,铜,51370,100,0,00000006,诚骋,STERLI,上海金田铜业有限公司,0,0,委买,5137000,5137000,0,0,0,0,交收办理,协议交收,2017/10/20 10:50:29,2017/10/19 10:50:29,,
2017/09/29,2017/09/29,10:44:59,00000028,CU010055,诚骋-SPENCE,铜,51370,100,0,00000000,诚骋,SPENCE,上海迈科金属资源有限公司,0,0,委卖,5137000,5137000,0,0,0,0,交收办理,协议交收,2017/10/20 10:50:29,2017/10/19 10:50:29,,
2017/09/29,2017/09/29,10:44:59,00000028,CU010055,诚骋-SPENCE,铜,51370,100,0,00000006,诚骋,SPENCE,上海金田铜业有限公司,0,0,委买,5137000,5137000,0,0,0,0,交收办理,协议交收,2017/10/20 10:50:29,2017/10/19 10:50:29,,
2017/09/29,2017/09/29,10:48:30,00000029,CU010055,诚骋-SPENCE,铜,51380,100,0,00000000,诚骋,SPENCE,上海迈科金属资源有限公司,0,0,委卖,5138000,5138000,0,0,0,0,交收办理,协议交收,2017/10/20 10:50:29,2017/10/19 10:50:29,,
2017/09/29,2017/09/29,10:48:30,00000029,CU010055,诚骋-SPENCE,铜,51380,100,0,00000006,诚骋,SPENCE,上海金田铜业有限公司,0,0,委买,5138000,5138000,0,0,0,0,交收办理,协议交收,2017/10/20 10:50:29,2017/10/19 10:50:29,,
2017/09/29,2017/09/29,10:54:52,00000034,CU010057,诚骋-STERLI,铜,51370,25,0,00000051,诚骋,STERLI,大商道供应链管理服务（西安）有限公司,0,0,委卖,1284250,1284250,0,0,0,0,交收办理,协议交收,2017/10/20 10:50:29,2017/10/19 10:50:29,,
2017/09/29,2017/09/29,10:54:52,00000034,CU010057,诚骋-STERLI,铜,51370,25,0,00000117,诚骋,STERLI,潞安兴泰国际贸易（上海）有限责任公司,0,0,委买,1284250,1284250,0,0,0,0,交收办理,协议交收,2017/10/20 10:50:29,2017/10/19 10:50:29,,
2017/09/29,2017/09/29,10:55:52,00000035,CU010057,诚骋-STERLI,铜,51370,200,0,00000000,诚骋,STERLI,上海迈科金属资源有限公司,0,0,委卖,10274000,10274000,0,0,0,0,交收办理,协议交收,2017/10/20 10:50:29,2017/10/19 10:50:29,,
2017/09/29,2017/09/29,10:55:52,00000035,CU010057,诚骋-STERLI,铜,51370,200,0,00000006,诚骋,STERLI,上海金田铜业有限公司,0,0,委买,10274000,10274000,0,0,0,0,交收办理,协议交收,2017/10/20 10:50:29,2017/10/19 10:50:29,,
2017/09/29,2017/09/29,10:56:03,00000036,CU010051,诚骋-QB,铜,51370,50,0,00000000,诚骋,QB,上海迈科金属资源有限公司,0,0,委卖,2568500,2568500,0,0,0,0,交收办理,协议交收,2017/10/20 10:50:29,2017/10/19 10:50:29,,
2017/09/29,2017/09/29,10:56:03,00000036,CU010051,诚骋-QB,铜,51370,50,0,00000117,诚骋,QB,潞安兴泰国际贸易（上海）有限责任公司,0,0,委买,2568500,2568500,0,0,0,0,交收办理,协议交收,2017/10/20 10:50:29,2017/10/19 10:50:29,,
2017/10/09,2017/10/09,09:45:10,00000001,CU010049,诚骋-PIRDOP,铜,52410,100,0,00000002,诚骋,PIRDOP,大商道（上海）有色金属有限公司,0,0,委卖,5241000,5241000,0,0,0,0,交收办理,协议交收,2017/10/20 10:50:29,2017/10/19 10:50:29,,
2017/10/09,2017/10/09,09:45:10,00000001,CU010049,诚骋-PIRDOP,铜,52410,100,0,00000011,诚骋,PIRDOP,上海恒越贸易有限公司,0,0,委买,5241000,5241000,0,0,0,0,交收办理,协议交收,2017/10/20 10:50:29,2017/10/19 10:50:29,,
2017/10/09,2017/10/09,10:12:07,00000004,CU010049,诚骋-PIRDOP,铜,52420,100,0,00000002,诚骋,PIRDOP,大商道（上海）有色金属有限公司,0,0,委卖,5242000,5242000,0,0,0,0,交收办理,协议交收,2017/10/20 10:50:29,2017/10/19 10:50:29,,
2017/10/09,2017/10/09,10:12:07,00000004,CU010049,诚骋-PIRDOP,铜,52420,100,0,00000011,诚骋,PIRDOP,上海恒越贸易有限公司,0,0,委买,5242000,5242000,0,0,0,0,交收办理,协议交收,2017/10/20 10:50:29,2017/10/19 10:50:29,,
2017/10/10,2017/10/10,10:30:50,00000005,CU010005,诚骋-BIRLA,铜,52400,200,0,00000000,诚骋,BIRLA,上海迈科金属资源有限公司,0,0,委买,10480000,10480000,0,0,0,0,交收办理,协议交收,2017/10/20 10:50:29,2017/10/19 10:50:29,,
2017/10/10,2017/10/10,10:30:50,00000005,CU010005,诚骋-BIRLA,铜,52400,200,0,00000002,诚骋,BIRLA,大商道（上海）有色金属有限公司,0,0,委卖,10480000,10480000,0,0,0,0,交收办理,协议交收,2017/10/20 10:50:29,2017/10/19 10:50:29,,
2017/10/16,2017/10/16,10:44:14,00000008,CU010008,诚骋-CBM,铜,53800,100,0,00000000,诚骋,CBM,上海迈科金属资源有限公司,0,0,委卖,5380000,5380000,0,0,0,0,交收办理,协议交收,2017/10/20 10:50:29,2017/10/19 10:50:29,,
2017/10/16,2017/10/16,10:44:14,00000008,CU010008,诚骋-CBM,铜,53800,100,0,00000132,诚骋,CBM,广东广物有色金属有限公司,0,0,委买,5380000,5380000,0,0,0,0,交收办理,协议交收,2017/10/20 10:50:29,2017/10/19 10:50:29,,
2017/10/16,2017/10/16,14:00:08,00000020,CU010064,诚骋-祥光,铜,54600,100,0,00000000,诚骋,祥光,上海迈科金属资源有限公司,0,0,委卖,5460000,5460000,0,0,0,0,交收办理,买方违约,2017/10/20 10:50:29,2017/10/19 10:50:29,,
2017/10/16,2017/10/16,14:00:08,00000020,CU010064,诚骋-祥光,铜,54600,100,0,00000081,诚骋,祥光,上海五宁铜业有限公司,0,0,委买,5460000,5460000,0,0,0,0,交收办理,买方违约,2017/10/20 10:50:29,2017/10/19 10:50:29,,
2017/10/16,2017/10/16,14:00:18,00000022,CU010118,上港-CBM,铜,54570,100,0,00000000,上港,CBM,上海迈科金属资源有限公司,0,0,委卖,5457000,5457000,0,0,0,0,交收办理,买方违约,2017/10/20 10:50:29,2017/10/19 10:50:29,,
2017/10/16,2017/10/16,14:00:18,00000022,CU010118,上港-CBM,铜,54570,100,0,00000081,上港,CBM,上海五宁铜业有限公司,0,0,委买,5457000,5457000,0,0,0,0,交收办理,买方违约,2017/10/20 10:50:29,2017/10/19 10:50:29,,
2017/10/16,2017/10/16,14:01:28,00000024,CU010008,诚骋-CBM,铜,54590,100,0,00000000,诚骋,CBM,上海迈科金属资源有限公司,0,0,委卖,5459000,5459000,0,0,0,0,交收办理,买方违约,2017/10/20 10:50:29,2017/10/19 10:50:29,,
2017/10/16,2017/10/16,14:01:28,00000024,CU010008,诚骋-CBM,铜,54590,100,0,00000081,诚骋,CBM,上海五宁铜业有限公司,0,0,委买,5459000,5459000,0,0,0,0,交收办理,买方违约,2017/10/20 10:50:29,2017/10/19 10:50:29,,
2017/10/16,2017/10/16,14:01:48,00000026,CU010118,上港-CBM,铜,54590,100,0,00000000,上港,CBM,上海迈科金属资源有限公司,0,0,委卖,5459000,5459000,0,0,0,0,交收办理,买方违约,2017/10/20 10:50:29,2017/10/19 10:50:29,,
2017/10/16,2017/10/16,14:01:48,00000026,CU010118,上港-CBM,铜,54590,100,0,00000081,上港,CBM,上海五宁铜业有限公司,0,0,委买,5459000,5459000,0,0,0,0,交收办理,买方违约,2017/10/20 10:50:29,2017/10/19 10:50:29,,
2017/10/16,2017/10/16,14:04:09,00000037,CU010057,诚骋-STERLI,铜,54570,100,0,00000000,诚骋,STERLI,上海迈科金属资源有限公司,0,0,委卖,5457000,5457000,0,0,0,0,交收办理,买方违约,2017/10/20 10:50:29,2017/10/19 10:50:29,,
2017/10/16,2017/10/16,14:04:09,00000037,CU010057,诚骋-STERLI,铜,54570,100,0,00000081,诚骋,STERLI,上海五宁铜业有限公司,0,0,委买,5457000,5457000,0,0,0,0,交收办理,买方违约,2017/10/20 10:50:29,2017/10/19 10:50:29,,
2017/10/16,2017/10/16,14:05:10,00000040,CU010057,诚骋-STERLI,铜,54620,100,0,00000000,诚骋,STERLI,上海迈科金属资源有限公司,0,0,委卖,5462000,5462000,0,0,0,0,交收办理,买方违约,2017/10/20 10:50:29,2017/10/19 10:50:29,,
2017/10/16,2017/10/16,14:05:10,00000040,CU010057,诚骋-STERLI,铜,54620,100,0,00000081,诚骋,STERLI,上海五宁铜业有限公司,0,0,委买,5462000,5462000,0,0,0,0,交收办理,买方违约,2017/10/20 10:50:29,2017/10/19 10:50:29,,
2017/10/16,2017/10/16,14:08:21,00000047,CU010050,诚骋-PSR,铜,54820,100,0,00000029,诚骋,PSR,西安迈科金属国际集团有限公司,0,0,委卖,5482000,5482000,0,0,0,0,交收办理,买方违约,2017/10/20 10:50:29,2017/10/19 10:50:29,,
2017/10/16,2017/10/16,14:08:21,00000047,CU010050,诚骋-PSR,铜,54820,100,0,00000081,诚骋,PSR,上海五宁铜业有限公司,0,0,委买,5482000,5482000,0,0,0,0,交收办理,买方违约,2017/10/20 10:50:29,2017/10/19 10:50:29,,
2017/10/16,2017/10/16,14:08:41,00000048,CU010097,上港-BIRLA,铜,54750,100,0,00000000,上港,BIRLA,上海迈科金属资源有限公司,0,0,委卖,5475000,5475000,0,0,0,0,交收办理,买方违约,2017/10/20 10:50:29,2017/10/19 10:50:29,,
2017/10/16,2017/10/16,14:08:41,00000048,CU010097,上港-BIRLA,铜,54750,100,0,00000081,上港,BIRLA,上海五宁铜业有限公司,0,0,委买,5475000,5475000,0,0,0,0,交收办理,买方违约,2017/10/20 10:50:29,2017/10/19 10:50:29,,
2017/10/16,2017/10/16,14:48:42,00000064,CU010123,吴淞-CCC-P,铜,55170,20,0,00000000,吴淞,CCC-P,上海迈科金属资源有限公司,0,0,委卖,1103400,1103400,0,0,0,0,交收办理,买方违约,2017/10/20 10:50:29,2017/10/19 10:50:29,,
2017/10/16,2017/10/16,14:48:42,00000064,CU010123,吴淞-CCC-P,铜,55170,20,0,00000081,吴淞,CCC-P,上海五宁铜业有限公司,0,0,委买,1103400,1103400,0,0,0,0,交收办理,买方违约,2017/10/20 10:50:29,2017/10/19 10:50:29,,
2017/10/18,2017/10/18,09:54:53,00000005,CU010015,诚骋-CBM-P,铜,55240,100,0,00000000,诚骋,CBM-P,上海迈科金属资源有限公司,0,0,委卖,5524000,5524000,0,0,0,0,交收办理,协议交收,2017/10/20 10:50:29,2017/10/19 10:50:29,,
2017/10/18,2017/10/18,09:54:53,00000005,CU010015,诚骋-CBM-P,铜,55240,100,0,00000036,诚骋,CBM-P,佛山市兴海铜铝业有限公司,0,0,委买,5524000,5524000,0,0,0,0,交收办理,协议交收,2017/10/20 10:50:29,2017/10/19 10:50:29,,
